timestamp,rolling_avg_ee,window,ee_min,hysteresis,per_strategy,latency_min_ms,latency_max_ms,capital_util_min_pct,capital_util_max_pct,max_dd
2026-02-16T08:40:54.549252+00:00,99.85063161553596,20,97.5,-0.5000000000000004,"{""momentum"": 0.9955189484660788, ""mean_revert"": 1.0, ""vol_breakout"": 1.0}",44.151497101170605,44.151497101170605,84.6191106196167,84.6191106196167,0.0
2026-02-16T08:40:55.580630+00:00,99.56435474100037,20,97.5,-0.5000000000000004,"{""momentum"": 0.9826364891119777, ""mean_revert"": 1.0, ""vol_breakout"": 1.0}",22.06742305542602,22.06742305542602,82.4290925294195,82.4290925294195,0.0
2026-02-16T08:40:56.626643+00:00,99.12432075593057,20,97.5,-0.5000000000000004,"{""momentum"": 0.9605286031258227, ""mean_revert"": 1.0, ""vol_breakout"": 1.0}",35.64564284648653,35.64564284648653,77.88659064804857,77.88659064804857,0.0
2026-02-16T08:40:57.655060+00:00,98.65704489748458,20,97.5,-0.5000000000000004,"{""momentum"": 0.9613355296463819, ""mean_revert"": 1.0, ""vol_breakout"": 1.0}",18.762593813325168,18.762593813325168,81.91928628268506,81.91928628268506,0.0
2026-02-16T08:40:58.725070+00:00,98.86153024228696,20,97.5,-0.5000000000000004,"{""momentum"": 0.9544612096914786, ""mean_revert"": 1.0, ""vol_breakout"": 1.0}",49.72267898233622,49.72267898233622,78.79193403910857,78.79193403910857,0.0
2026-02-16T10:53:25.526202+00:00,96.6192510868619,20,97.5,-0.5000000000000004,"{""momentum"": 0.8985775326058568, ""mean_revert"": 1.0, ""vol_breakout"": 1.0}",22.63830621458829,22.63830621458829,76.37909027149783,76.37909027149783,0.0
2026-02-16T10:53:26.552436+00:00,96.41578581340666,20,97.5,-0.5000000000000004,"{""momentum"": 0.8924735744021998, ""mean_revert"": 1.0, ""vol_breakout"": 1.0}",17.72828151614542,17.72828151614542,75.34141737687612,75.34141737687612,0.0
2026-02-16T10:53:27.606022+00:00,96.76734545008827,20,97.5,-0.5000000000000004,"{""momentum"": 0.903020363502648, ""mean_revert"": 1.0, ""vol_breakout"": 1.0}",46.29054759718399,46.29054759718399,78.5496850448013,78.5496850448013,0.0
2026-02-17T13:15:47.875728+00:00,96.25370579507572,20,97.5,-0.5000000000000004,"{""momentum"": 1.0, ""mean_revert"": 1.0, ""vol_breakout"": 0.8876111738522714}",19.88997896834097,19.88997896834097,75.44694977744307,75.44694977744307,0.0
2026-02-17T13:15:49.931108+00:00,97.40376908967919,20,97.5,-0.5000000000000004,"{""momentum"": 1.0, ""mean_revert"": 1.0, ""vol_breakout"": 0.9393640221094279}",33.08944839621837,33.08944839621837,84.24493398115969,84.24493398115969,0.0
2026-02-17T13:15:51.983623+00:00,96.90624232982553,20,97.5,-0.5000000000000004,"{""momentum"": 0.9751589286134257, ""mean_revert"": 1.0, ""vol_breakout"": 0.9171025384857301}",38.29652404473407,38.29652404473407,78.18343885109668,78.18343885109668,0.0
2026-02-17T13:15:54.035469+00:00,96.15282434856219,20,97.5,-0.5000000000000004,"{""momentum"": 0.9670631568164438, ""mean_revert"": 0.9930623284774474, ""vol_breakout"": 0.9283196318098518}",35.00668681633346,35.00668681633346,81.56386058539725,81.56386058539725,0.0
2026-02-17T13:15:56.098255+00:00,94.13695484034109,20,97.5,-0.5000000000000004,"{""momentum"": 0.9455631343431333, ""mean_revert"": 0.9683825609919902, ""vol_breakout"": 0.9144269300486811}",48.53193718702096,48.53193718702096,73.6732703599522,73.6732703599522,0.0
2026-02-17T13:16:31.231708+00:00,96.97031190140049,20,97.5,-0.5000000000000004,"{""momentum"": 0.9091093570420151, ""mean_revert"": 1.0, ""vol_breakout"": 1.0}",40.52576970585591,40.52576970585591,77.27429534857129,77.27429534857129,0.0
2026-02-17T13:21:50.569918+00:00,97.53679115522381,20,97.5,-0.5000000000000004,"{""momentum"": 0.9261037346567147, ""mean_revert"": 1.0, ""vol_breakout"": 1.0}",13.576563927524115,13.576563927524115,78.71881744582076,78.71881744582076,0.0
2026-02-17T13:21:55.636945+00:00,97.6222510452184,20,97.5,-0.5000000000000004,"{""momentum"": 0.9286675313565523, ""mean_revert"": 1.0, ""vol_breakout"": 1.0}",39.268484840360316,39.268484840360316,79.15466288479315,79.15466288479315,0.0
2026-02-17T13:22:00.680022+00:00,97.244025853965,20,97.5,-0.5000000000000004,"{""momentum"": 0.9173207756189496, ""mean_revert"": 1.0, ""vol_breakout"": 1.0}",16.718406951387202,16.718406951387202,76.04331745221828,76.04331745221828,0.0
2026-02-17T13:22:05.736244+00:00,97.7731802194534,20,97.5,-0.5000000000000004,"{""momentum"": 0.9331954065836019, ""mean_revert"": 1.0, ""vol_breakout"": 1.0}",30.674752431568997,30.674752431568997,83.36964045559247,83.36964045559247,0.0
2026-02-17T13:22:10.769577+00:00,98.16813259887496,20,97.5,-0.5000000000000004,"{""momentum"": 0.9450439779662488, ""mean_revert"": 1.0, ""vol_breakout"": 1.0}",13.886834331965785,13.886834331965785,84.35725239723114,84.35725239723114,0.0
2026-02-17T13:22:15.890161+00:00,98.20717516731953,20,97.5,-0.5000000000000004,"{""momentum"": 0.9462152550195859, ""mean_revert"": 1.0, ""vol_breakout"": 1.0}",37.92926949768558,37.92926949768558,80.92608942433307,80.92608942433307,0.0
2026-02-17T13:22:20.944773+00:00,98.20127703344032,20,97.5,-0.5000000000000004,"{""momentum"": 0.9460383110032099, ""mean_revert"": 1.0, ""vol_breakout"": 1.0}",28.888289401554328,28.888289401554328,80.32301498692105,80.32301498692105,0.0
2026-02-17T13:22:25.987067+00:00,98.30007883016413,20,97.5,-0.5000000000000004,"{""momentum"": 0.949002364904924, ""mean_revert"": 1.0, ""vol_breakout"": 1.0}",26.117565585337243,26.117565585337243,82.42881308843837,82.42881308843837,0.0
2026-02-17T13:22:31.041789+00:00,98.33239266943421,20,97.5,-0.5000000000000004,"{""momentum"": 0.949971780083026, ""mean_revert"": 1.0, ""vol_breakout"": 1.0}",28.972040382148645,28.972040382148645,81.40680362816667,81.40680362816667,0.0
2026-02-17T13:22:36.097101+00:00,98.44963683553345,20,97.5,-0.5000000000000004,"{""momentum"": 0.9534891050660039, ""mean_revert"": 1.0, ""vol_breakout"": 1.0}",35.84481734903993,35.84481734903993,83.73732754258847,83.73732754258847,0.0
2026-02-17T13:22:41.123272+00:00,98.51120468744962,20,97.5,-0.5000000000000004,"{""momentum"": 0.9553361406234884, ""mean_revert"": 1.0, ""vol_breakout"": 1.0}",13.416488640223214,13.416488640223214,82.77355217685817,82.77355217685817,0.0
2026-02-17T13:22:46.184931+00:00,98.46146436217944,20,97.5,-0.5000000000000004,"{""momentum"": 0.9538439308653831, ""mean_revert"": 1.0, ""vol_breakout"": 1.0}",34.465451235965105,34.465451235965105,79.68151799972924,79.68151799972924,0.0
2026-02-17T13:22:51.253619+00:00,98.50231173021379,20,97.5,-0.5000000000000004,"{""momentum"": 0.9550693519064133, ""mean_revert"": 1.0, ""vol_breakout"": 1.0}",43.013298542581076,43.013298542581076,82.4308243738959,82.4308243738959,0.0
2026-02-17T13:22:56.429908+00:00,98.3036015385091,20,97.5,-0.5000000000000004,"{""momentum"": 0.9491080461552729, ""mean_revert"": 1.0, ""vol_breakout"": 1.0}",42.498610128380726,42.498610128380726,74.08694106818794,74.08694106818794,0.0
2026-02-17T13:23:01.676018+00:00,98.34351465873365,20,97.5,-0.5000000000000004,"{""momentum"": 0.9503054397620097, ""mean_revert"": 1.0, ""vol_breakout"": 1.0}",30.17014264664978,30.17014264664978,82.2008607717876,82.2008607717876,0.0
2026-02-17T13:23:06.734548+00:00,98.39735079546963,20,97.5,-0.5000000000000004,"{""momentum"": 0.951920523864089, ""mean_revert"": 1.0, ""vol_breakout"": 1.0}",31.38893467103742,31.38893467103742,82.97247675859873,82.97247675859873,0.0
2026-02-17T13:23:11.782388+00:00,98.47594750523044,20,97.5,-0.5000000000000004,"{""momentum"": 0.9542784251569131, ""mean_revert"": 1.0, ""vol_breakout"": 1.0}",19.688749029357954,19.688749029357954,84.32041189657846,84.32041189657846,0.0
2026-02-17T13:23:16.853148+00:00,98.3878831923391,20,97.5,-0.5000000000000004,"{""momentum"": 0.9516364957701734, ""mean_revert"": 1.0, ""vol_breakout"": 1.0}",47.65444425799038,47.65444425799038,77.07151417662566,77.07151417662566,0.0
2026-02-17T13:23:21.897747+00:00,98.26731565968143,20,97.5,-0.5000000000000004,"{""momentum"": 0.9480194697904427, ""mean_revert"": 1.0, ""vol_breakout"": 1.0}",16.73961836054493,16.73961836054493,75.04760518319993,75.04760518319993,0.0
2026-02-17T13:23:26.951831+00:00,98.1500675012717,20,97.5,-0.5000000000000004,"{""momentum"": 0.9445020250381516, ""mean_revert"": 1.0, ""vol_breakout"": 1.0}",23.14092871512104,23.14092871512104,74.6019988532926,74.6019988532926,0.0
2026-02-17T13:23:32.026672+00:00,98.22786553500487,20,97.5,-0.5000000000000004,"{""momentum"": 0.9468359660501457, ""mean_revert"": 1.0, ""vol_breakout"": 1.0}",12.444675549833013,12.444675549833013,82.68651716621096,82.68651716621096,0.0
2026-02-17T13:23:37.083597+00:00,98.2219858062508,20,97.5,-0.5000000000000004,"{""momentum"": 0.9466595741875239, ""mean_revert"": 1.0, ""vol_breakout"": 1.0}",29.468179519217173,29.468179519217173,78.8547967183359,78.8547967183359,0.0
2026-02-17T13:23:42.142503+00:00,98.29770219093672,20,97.5,-0.5000000000000004,"{""momentum"": 0.9489310657281017, ""mean_revert"": 1.0, ""vol_breakout"": 1.0}",11.522193164636025,11.522193164636025,79.90485307120063,79.90485307120063,0.0
2026-02-17T13:23:47.302593+00:00,98.31789229401984,20,97.5,-0.5000000000000004,"{""momentum"": 0.9495367688205956, ""mean_revert"": 1.0, ""vol_breakout"": 1.0}",37.17262031429776,37.17262031429776,84.39933571283208,84.39933571283208,0.0
2026-02-17T13:23:52.372986+00:00,98.24397471710317,20,97.5,-0.5000000000000004,"{""momentum"": 0.9473192415130948, ""mean_revert"": 1.0, ""vol_breakout"": 1.0}",49.74230489692738,49.74230489692738,80.5874559744796,80.5874559744796,0.0
2026-02-17T13:23:57.572356+00:00,98.28088228170124,20,97.5,-0.5000000000000004,"{""momentum"": 0.9484264684510368, ""mean_revert"": 1.0, ""vol_breakout"": 1.0}",38.817830169193016,38.817830169193016,82.80837521883464,82.80837521883464,0.0
2026-02-17T13:24:02.609686+00:00,98.3415595561001,20,97.5,-0.5000000000000004,"{""momentum"": 0.9502467866830029, ""mean_revert"": 1.0, ""vol_breakout"": 1.0}",25.12469852208636,25.12469852208636,83.4175559812635,83.4175559812635,0.0
2026-02-17T13:24:07.644520+00:00,98.2014093298547,20,97.5,-0.5000000000000004,"{""momentum"": 0.9460422798956406, ""mean_revert"": 1.0, ""vol_breakout"": 1.0}",11.025387544852435,11.025387544852435,75.28115154992247,75.28115154992247,0.0
2026-02-17T13:24:12.707824+00:00,98.22071818948046,20,97.5,-0.5000000000000004,"{""momentum"": 0.9466215456844143, ""mean_revert"": 1.0, ""vol_breakout"": 1.0}",47.92577354961319,47.92577354961319,82.39155546908184,82.39155546908184,0.0
2026-02-17T13:24:17.780741+00:00,98.15828868008866,20,97.5,-0.5000000000000004,"{""momentum"": 0.9447486604026597, ""mean_revert"": 1.0, ""vol_breakout"": 1.0}",44.772972361039216,44.772972361039216,80.55342256360564,80.55342256360564,0.0
2026-02-17T13:24:22.820422+00:00,98.03071982652321,20,97.5,-0.5000000000000004,"{""momentum"": 0.9409215947956964, ""mean_revert"": 1.0, ""vol_breakout"": 1.0}",16.990773474206435,16.990773474206435,76.26754064502069,76.26754064502069,0.0
2026-02-17T13:24:27.874110+00:00,97.9450617278151,20,97.5,-0.5000000000000004,"{""momentum"": 0.938351851834453, ""mean_revert"": 1.0, ""vol_breakout"": 1.0}",24.923198573637023,24.923198573637023,75.31295496561555,75.31295496561555,0.0
2026-02-17T13:24:32.920281+00:00,97.79852288310768,20,97.5,-0.5000000000000004,"{""momentum"": 0.9339556864932301, ""mean_revert"": 1.0, ""vol_breakout"": 1.0}",22.97042215996202,22.97042215996202,74.95734329381692,74.95734329381692,0.0
2026-02-17T13:24:37.963865+00:00,97.95900625494373,20,97.5,-0.5000000000000004,"{""momentum"": 0.9387701876483117, ""mean_revert"": 1.0, ""vol_breakout"": 1.0}",30.937798843626073,30.937798843626073,82.27159303182637,82.27159303182637,0.0
2026-02-17T13:24:43.035697+00:00,98.01022496209835,20,97.5,-0.5000000000000004,"{""momentum"": 0.9403067488629503, ""mean_revert"": 1.0, ""vol_breakout"": 1.0}",20.55055497553921,20.55055497553921,84.81301483667346,84.81301483667346,0.0
2026-02-17T13:24:48.079029+00:00,97.81240145690202,20,97.5,-0.5000000000000004,"{""momentum"": 0.9343720437070606, ""mean_revert"": 1.0, ""vol_breakout"": 1.0}",19.5429191604746,19.5429191604746,72.8834779935861,72.8834779935861,0.0
2026-02-17T13:24:53.111668+00:00,97.7147402866089,20,97.5,-0.5000000000000004,"{""momentum"": 0.9314422085982672, ""mean_revert"": 1.0, ""vol_breakout"": 1.0}",16.212319679451372,16.212319679451372,79.33969221162965,79.33969221162965,0.0
2026-02-17T13:24:58.225228+00:00,97.82731790320146,20,97.5,-0.5000000000000004,"{""momentum"": 0.9348195370960438, ""mean_revert"": 1.0, ""vol_breakout"": 1.0}",34.14714004463193,34.14714004463193,82.8129726228459,82.8129726228459,0.0
2026-02-17T13:25:03.291239+00:00,97.79519855001804,20,97.5,-0.5000000000000004,"{""momentum"": 0.9338559565005411, ""mean_revert"": 1.0, ""vol_breakout"": 1.0}",18.159396549274472,18.159396549274472,73.40951817084553,73.40951817084553,0.0
2026-02-17T13:25:08.351281+00:00,97.79735641731321,20,97.5,-0.5000000000000004,"{""momentum"": 0.9339206925193964, ""mean_revert"": 1.0, ""vol_breakout"": 1.0}",29.228942986660314,29.228942986660314,74.71205008534616,74.71205008534616,0.0
2026-02-17T13:25:13.396968+00:00,97.64026823647413,20,97.5,-0.5000000000000004,"{""momentum"": 0.9292080470942237, ""mean_revert"": 1.0, ""vol_breakout"": 1.0}",16.97687981058791,16.97687981058791,74.6750199434177,74.6750199434177,0.0
2026-02-17T13:25:18.427492+00:00,97.62964429237955,20,97.5,-0.5000000000000004,"{""momentum"": 0.9288893287713871, ""mean_revert"": 1.0, ""vol_breakout"": 1.0}",16.197170501443225,16.197170501443225,78.31297556951344,78.31297556951344,0.0
2026-02-17T13:25:23.464883+00:00,97.50124873607786,20,97.5,-0.5000000000000004,"{""momentum"": 0.9250374620823353, ""mean_revert"": 1.0, ""vol_breakout"": 1.0}",21.50036643646399,21.50036643646399,73.35667969981273,73.35667969981273,0.0
2026-02-17T13:25:28.500757+00:00,97.5071607425991,20,97.5,-0.5000000000000004,"{""momentum"": 0.925214822277973, ""mean_revert"": 1.0, ""vol_breakout"": 1.0}",12.773334795560531,12.773334795560531,84.70084804541635,84.70084804541635,0.0
2026-02-17T13:25:33.528677+00:00,97.44934971331247,20,97.5,-0.5000000000000004,"{""momentum"": 0.9234804913993742, ""mean_revert"": 1.0, ""vol_breakout"": 1.0}",14.381603995245715,14.381603995245715,77.63909348086126,77.63909348086126,0.0
2026-02-17T13:25:38.595665+00:00,97.48564189365356,20,97.5,-0.5000000000000004,"{""momentum"": 0.9245692568096067, ""mean_revert"": 1.0, ""vol_breakout"": 1.0}",47.808809485393176,47.808809485393176,84.65927641623006,84.65927641623006,0.0
2026-02-17T13:25:43.638553+00:00,97.5056760609208,20,97.5,-0.5000000000000004,"{""momentum"": 0.9251702818276245, ""mean_revert"": 1.0, ""vol_breakout"": 1.0}",21.150839661867625,21.150839661867625,84.43929851189378,84.43929851189378,0.0
2026-02-17T13:25:48.680986+00:00,97.63900458438823,20,97.5,-0.5000000000000004,"{""momentum"": 0.9291701375316471, ""mean_revert"": 1.0, ""vol_breakout"": 1.0}",26.394603940360458,26.394603940360458,82.08090624676106,82.08090624676106,0.0
2026-02-17T13:25:53.826048+00:00,97.48801937815033,20,97.5,-0.5000000000000004,"{""momentum"": 0.9246405813445098, ""mean_revert"": 1.0, ""vol_breakout"": 1.0}",40.33358834594039,40.33358834594039,74.69130995094805,74.69130995094805,0.0
2026-02-17T13:25:58.920999+00:00,97.4797575120196,20,97.5,-0.5000000000000004,"{""momentum"": 0.9243927253605883, ""mean_revert"": 1.0, ""vol_breakout"": 1.0}",27.786991382056424,27.786991382056424,80.13206739093917,80.13206739093917,0.0
2026-02-17T13:26:04.020898+00:00,97.58923549956937,20,97.5,-0.5000000000000004,"{""momentum"": 0.9276770649870812, ""mean_revert"": 1.0, ""vol_breakout"": 1.0}",46.472946641946706,46.472946641946706,81.85091801005893,81.85091801005893,0.0
2026-02-17T13:26:09.087032+00:00,97.7675887222295,20,97.5,-0.5000000000000004,"{""momentum"": 0.9330276616668851, ""mean_revert"": 1.0, ""vol_breakout"": 1.0}",44.79414015775499,44.79414015775499,84.40896932128189,84.40896932128189,0.0
2026-02-17T13:26:14.169973+00:00,97.8515727281972,20,97.5,-0.5000000000000004,"{""momentum"": 0.9355471818459161, ""mean_revert"": 1.0, ""vol_breakout"": 1.0}",37.334777460523796,37.334777460523796,79.24052759816995,79.24052759816995,0.0
2026-02-17T13:26:19.257205+00:00,97.74804098202601,20,97.5,-0.5000000000000004,"{""momentum"": 0.9324412294607807, ""mean_revert"": 1.0, ""vol_breakout"": 1.0}",42.59972220971142,42.59972220971142,76.99147397709591,76.99147397709591,0.0
2026-02-17T13:26:24.398290+00:00,97.58346625326203,20,97.5,-0.5000000000000004,"{""momentum"": 0.9275039875978612, ""mean_revert"": 1.0, ""vol_breakout"": 1.0}",16.835757826573268,16.835757826573268,76.41970366971034,76.41970366971034,0.0
2026-02-17T13:26:29.448060+00:00,97.62055924566103,20,97.5,-0.5000000000000004,"{""momentum"": 0.928616777369831, ""mean_revert"": 1.0, ""vol_breakout"": 1.0}",28.106027448852288,28.106027448852288,74.7752206059347,74.7752206059347,0.0
2026-02-17T13:26:34.509090+00:00,97.57413941799416,20,97.5,-0.5000000000000004,"{""momentum"": 0.9272241825398251, ""mean_revert"": 1.0, ""vol_breakout"": 1.0}",48.69372702985245,48.69372702985245,76.97228100061974,76.97228100061974,0.0
2026-02-17T13:26:39.575259+00:00,97.5849531732673,20,97.5,-0.5000000000000004,"{""momentum"": 0.927548595198019, ""mean_revert"": 1.0, ""vol_breakout"": 1.0}",42.17782868216585,42.17782868216585,83.36447414177567,83.36447414177567,0.0
2026-02-17T13:26:44.635941+00:00,97.75109123853498,20,97.5,-0.5000000000000004,"{""momentum"": 0.9325327371560495, ""mean_revert"": 1.0, ""vol_breakout"": 1.0}",45.53250438697507,45.53250438697507,81.88255949949703,81.88255949949703,0.0
2026-02-17T13:26:49.675966+00:00,97.92499507458069,20,97.5,-0.5000000000000004,"{""momentum"": 0.9377498522374209, ""mean_revert"": 1.0, ""vol_breakout"": 1.0}",16.49392719946546,16.49392719946546,83.5811457236776,83.5811457236776,0.0
2026-02-17T13:26:54.710280+00:00,97.95290383245657,20,97.5,-0.5000000000000004,"{""momentum"": 0.9385871149736971, ""mean_revert"": 1.0, ""vol_breakout"": 1.0}",22.55223870772391,22.55223870772391,76.09836659508741,76.09836659508741,0.0
2026-02-17T13:26:59.736247+00:00,97.94892650500783,20,97.5,-0.5000000000000004,"{""momentum"": 0.9384677951502347, ""mean_revert"": 1.0, ""vol_breakout"": 1.0}",15.211596321978309,15.211596321978309,78.11013186962727,78.11013186962727,0.0
2026-02-17T13:27:04.773620+00:00,97.9652519306647,20,97.5,-0.5000000000000004,"{""momentum"": 0.9389575579199413, ""mean_revert"": 1.0, ""vol_breakout"": 1.0}",12.027946198707266,12.027946198707266,74.18927640831396,74.18927640831396,0.0
2026-02-17T13:27:09.832200+00:00,97.94451328214939,20,97.5,-0.5000000000000004,"{""momentum"": 0.9383353984644817, ""mean_revert"": 1.0, ""vol_breakout"": 1.0}",25.885566844368185,25.885566844368185,83.64317697113515,83.64317697113515,0.0
2026-02-17T13:27:14.870408+00:00,97.94600198103045,20,97.5,-0.5000000000000004,"{""momentum"": 0.9383800594309136, ""mean_revert"": 1.0, ""vol_breakout"": 1.0}",25.00183061683746,25.00183061683746,77.71501712379539,77.71501712379539,0.0
2026-02-17T13:27:19.951687+00:00,97.79508899337512,20,97.5,-0.5000000000000004,"{""momentum"": 0.9338526698012537, ""mean_revert"": 1.0, ""vol_breakout"": 1.0}",27.6741666886877,27.6741666886877,76.96271404580828,76.96271404580828,0.0
2026-02-17T13:27:24.996120+00:00,97.79166642533494,20,97.5,-0.5000000000000004,"{""momentum"": 0.9337499927600483, ""mean_revert"": 1.0, ""vol_breakout"": 1.0}",31.3569706865545,31.3569706865545,84.26474754184471,84.26474754184471,0.0
2026-02-17T13:27:30.023380+00:00,97.74520545449428,20,97.5,-0.5000000000000004,"{""momentum"": 0.9323561636348285, ""mean_revert"": 1.0, ""vol_breakout"": 1.0}",13.30228517199921,13.30228517199921,79.71139673388741,79.71139673388741,0.0
2026-02-17T13:27:35.081314+00:00,97.92317330409112,20,97.5,-0.5000000000000004,"{""momentum"": 0.9376951991227338, ""mean_revert"": 1.0, ""vol_breakout"": 1.0}",18.763818557781796,18.763818557781796,83.76767028038688,83.76767028038688,0.0
2026-02-17T13:27:40.126323+00:00,97.88883723983759,20,97.5,-0.5000000000000004,"{""momentum"": 0.9366651171951276, ""mean_revert"": 1.0, ""vol_breakout"": 1.0}",19.699453222435757,19.699453222435757,78.38092811400858,78.38092811400858,0.0
2026-02-17T13:27:45.186689+00:00,97.89044793298653,20,97.5,-0.5000000000000004,"{""momentum"": 0.9367134379895964, ""mean_revert"": 1.0, ""vol_breakout"": 1.0}",32.98062135552016,32.98062135552016,81.9330633606559,81.9330633606559,0.0
2026-02-17T13:27:50.245600+00:00,97.88046768113671,20,97.5,-0.5000000000000004,"{""momentum"": 0.9364140304341012, ""mean_revert"": 1.0, ""vol_breakout"": 1.0}",44.10765358205498,44.10765358205498,83.89997647694015,83.89997647694015,0.0
2026-02-17T13:27:55.313494+00:00,97.83440744320188,20,97.5,-0.5000000000000004,"{""momentum"": 0.9350322232960562, ""mean_revert"": 1.0, ""vol_breakout"": 1.0}",48.80363148739762,48.80363148739762,76.8914554634933,76.8914554634933,0.0
2026-02-17T13:28:00.354854+00:00,97.86963987898977,20,97.5,-0.5000000000000004,"{""momentum"": 0.9360891963696929, ""mean_revert"": 1.0, ""vol_breakout"": 1.0}",20.045168389681066,20.045168389681066,78.78832820227838,78.78832820227838,0.0
2026-02-17T13:28:05.387481+00:00,97.97357265381777,20,97.5,-0.5000000000000004,"{""momentum"": 0.939207179614533, ""mean_revert"": 1.0, ""vol_breakout"": 1.0}",19.66588851390853,19.66588851390853,81.72027518593868,81.72027518593868,0.0
2026-02-17T13:28:10.425083+00:00,97.99678236143889,20,97.5,-0.5000000000000004,"{""momentum"": 0.9399034708431664, ""mean_revert"": 1.0, ""vol_breakout"": 1.0}",24.871312923534063,24.871312923534063,75.95891569461149,75.95891569461149,0.0
2026-02-17T13:28:15.497245+00:00,97.91847703906693,20,97.5,-0.5000000000000004,"{""momentum"": 0.937554311172008, ""mean_revert"": 1.0, ""vol_breakout"": 1.0}",49.47805971674259,49.47805971674259,72.97870955965033,72.97870955965033,0.0
2026-02-17T13:28:20.551404+00:00,97.88262486900759,20,97.5,-0.5000000000000004,"{""momentum"": 0.9364787460702274, ""mean_revert"": 1.0, ""vol_breakout"": 1.0}",36.25711484508014,36.25711484508014,81.53601346874883,81.53601346874883,0.0
2026-02-17T13:28:25.603577+00:00,97.79271704026941,20,97.5,-0.5000000000000004,"{""momentum"": 0.9337815112080824, ""mean_revert"": 1.0, ""vol_breakout"": 1.0}",39.670895319886924,39.670895319886924,77.2972602338502,77.2972602338502,0.0
2026-02-17T13:28:30.664213+00:00,97.70658894887751,20,97.5,-0.5000000000000004,"{""momentum"": 0.9311976684663252, ""mean_revert"": 1.0, ""vol_breakout"": 1.0}",49.74071568904625,49.74071568904625,79.18861306269066,79.18861306269066,0.0
2026-02-17T13:28:35.709585+00:00,97.86833316300329,20,97.5,-0.5000000000000004,"{""momentum"": 0.9360499948900987, ""mean_revert"": 1.0, ""vol_breakout"": 1.0}",33.08085837739844,33.08085837739844,84.34732151550214,84.34732151550214,0.0
2026-02-17T13:28:40.750735+00:00,97.86933895183381,20,97.5,-0.5000000000000004,"{""momentum"": 0.9360801685550143, ""mean_revert"": 1.0, ""vol_breakout"": 1.0}",24.07483670124973,24.07483670124973,78.1614270999838,78.1614270999838,0.0
2026-02-17T13:28:45.816093+00:00,97.9836313923434,20,97.5,-0.5000000000000004,"{""momentum"": 0.9395089417703021, ""mean_revert"": 1.0, ""vol_breakout"": 1.0}",40.11056447221119,40.11056447221119,80.0181908743032,80.0181908743032,0.0
2026-02-17T13:28:50.873411+00:00,97.84873531682766,20,97.5,-0.5000000000000004,"{""momentum"": 0.9354620595048301, ""mean_revert"": 1.0, ""vol_breakout"": 1.0}",33.88561175227069,33.88561175227069,76.76347711983279,76.76347711983279,0.0
2026-02-17T13:28:55.934941+00:00,97.83189667726653,20,97.5,-0.5000000000000004,"{""momentum"": 0.9349569003179958, ""mean_revert"": 1.0, ""vol_breakout"": 1.0}",37.28253077097734,37.28253077097734,76.8562465061772,76.8562465061772,0.0
2026-02-17T13:29:00.984198+00:00,97.82764000079212,20,97.5,-0.5000000000000004,"{""momentum"": 0.9348292000237637, ""mean_revert"": 1.0, ""vol_breakout"": 1.0}",27.529209288838274,27.529209288838274,76.74562354561355,76.74562354561355,0.0
2026-02-17T13:29:06.021690+00:00,97.68047759061942,20,97.5,-0.5000000000000004,"{""momentum"": 0.9304143277185825, ""mean_revert"": 1.0, ""vol_breakout"": 1.0}",24.131868683132844,24.131868683132844,76.75946462303678,76.75946462303678,0.0
2026-02-17T13:29:11.072283+00:00,97.63685477957469,20,97.5,-0.5000000000000004,"{""momentum"": 0.9291056433872404, ""mean_revert"": 1.0, ""vol_breakout"": 1.0}",39.454278970530325,39.454278970530325,77.48663337060587,77.48663337060587,0.0
2026-02-17T13:29:16.164881+00:00,97.44165147611535,20,97.5,-0.5000000000000004,"{""momentum"": 0.9232495442834605, ""mean_revert"": 1.0, ""vol_breakout"": 1.0}",24.51166004500752,24.51166004500752,73.81230180396095,73.81230180396095,0.0
2026-02-17T13:29:21.290832+00:00,97.47978976968238,20,97.5,-0.5000000000000004,"{""momentum"": 0.9243936930904717, ""mean_revert"": 1.0, ""vol_breakout"": 1.0}",47.53787167363148,47.53787167363148,80.3259810859276,80.3259810859276,0.0
2026-02-17T13:29:26.350464+00:00,97.48903580239396,20,97.5,-0.5000000000000004,"{""momentum"": 0.9246710740718186, ""mean_revert"": 1.0, ""vol_breakout"": 1.0}",40.31093166523368,40.31093166523368,82.40461102894557,82.40461102894557,0.0
2026-02-17T13:29:31.497025+00:00,97.39257199506248,20,97.5,-0.5000000000000004,"{""momentum"": 0.9217771598518747, ""mean_revert"": 1.0, ""vol_breakout"": 1.0}",27.49578545129755,27.49578545129755,78.98032230303554,78.98032230303554,0.0
2026-02-17T13:29:36.544074+00:00,97.33095405776405,20,97.5,-0.5000000000000004,"{""momentum"": 0.9199286217329213, ""mean_revert"": 1.0, ""vol_breakout"": 1.0}",27.467901896405774,27.467901896405774,73.74894066127288,73.74894066127288,0.0
2026-02-17T13:29:41.594046+00:00,97.24752962558387,20,97.5,-0.5000000000000004,"{""momentum"": 0.917425888767516, ""mean_revert"": 1.0, ""vol_breakout"": 1.0}",38.20386113672548,38.20386113672548,74.53368216108929,74.53368216108929,0.0
2026-02-17T13:29:46.645393+00:00,97.21790819471627,20,97.5,-0.5000000000000004,"{""momentum"": 0.9165372458414884, ""mean_revert"": 1.0, ""vol_breakout"": 1.0}",31.673058823626153,31.673058823626153,80.2095822116917,80.2095822116917,0.0
2026-02-17T13:29:51.738846+00:00,97.36511019807902,20,97.5,-0.5000000000000004,"{""momentum"": 0.9209533059423706, ""mean_revert"": 1.0, ""vol_breakout"": 1.0}",46.77482957576638,46.77482957576638,83.46621786611107,83.46621786611107,0.0
2026-02-17T13:29:56.782309+00:00,97.36414093590324,20,97.5,-0.5000000000000004,"{""momentum"": 0.9209242280770971, ""mean_revert"": 1.0, ""vol_breakout"": 1.0}",18.005013870850874,18.005013870850874,72.9292771886855,72.9292771886855,0.0
2026-02-17T13:30:01.824049+00:00,97.38956277132061,20,97.5,-0.5000000000000004,"{""momentum"": 0.9216868831396183, ""mean_revert"": 1.0, ""vol_breakout"": 1.0}",25.21113573704246,25.21113573704246,82.832527075035,82.832527075035,0.0
2026-02-17T13:30:06.884271+00:00,97.46851604890134,20,97.5,-0.5000000000000004,"{""momentum"": 0.9240554814670399, ""mean_revert"": 1.0, ""vol_breakout"": 1.0}",46.02576842993593,46.02576842993593,81.32387739046678,81.32387739046678,0.0
2026-02-17T13:30:11.920129+00:00,97.45213961610776,20,97.5,-0.5000000000000004,"{""momentum"": 0.9235641884832326, ""mean_revert"": 1.0, ""vol_breakout"": 1.0}",16.913151343752176,16.913151343752176,78.35341499021838,78.35341499021838,0.0
2026-02-17T13:30:16.964402+00:00,97.32214273946963,20,97.5,-0.5000000000000004,"{""momentum"": 0.9196642821840888, ""mean_revert"": 1.0, ""vol_breakout"": 1.0}",23.185078670873935,23.185078670873935,77.71748080695755,77.71748080695755,0.0
2026-02-17T13:30:22.018521+00:00,97.36726790639256,20,97.5,-0.5000000000000004,"{""momentum"": 0.9210180371917767, ""mean_revert"": 1.0, ""vol_breakout"": 1.0}",40.70667192561825,40.70667192561825,80.46281061305322,80.46281061305322,0.0
2026-02-17T13:30:27.065960+00:00,97.21628361283385,20,97.5,-0.5000000000000004,"{""momentum"": 0.9164885083850154, ""mean_revert"": 1.0, ""vol_breakout"": 1.0}",31.60818395053746,31.60818395053746,72.317991902809,72.317991902809,0.0
2026-02-17T13:30:32.137410+00:00,97.29465026971683,20,97.5,-0.5000000000000004,"{""momentum"": 0.9188395080915045, ""mean_revert"": 1.0, ""vol_breakout"": 1.0}",29.890445168286778,29.890445168286778,80.76017662086444,80.76017662086444,0.0
2026-02-17T13:30:37.192803+00:00,97.32212686688283,20,97.5,-0.5000000000000004,"{""momentum"": 0.9196638060064848, ""mean_revert"": 1.0, ""vol_breakout"": 1.0}",27.253616962152694,27.253616962152694,78.25755296164347,78.25755296164347,0.0
2026-02-17T13:30:42.239904+00:00,97.26457815178561,20,97.5,-0.5000000000000004,"{""momentum"": 0.9179373445535681, ""mean_revert"": 1.0, ""vol_breakout"": 1.0}",25.95319151089969,25.95319151089969,73.81063907565522,73.81063907565522,0.0
2026-02-17T13:30:47.320992+00:00,97.39799939472431,20,97.5,-0.5000000000000004,"{""momentum"": 0.9219399818417295, ""mean_revert"": 1.0, ""vol_breakout"": 1.0}",34.44522465149648,34.44522465149648,83.56394801291123,83.56394801291123,0.0
2026-02-17T13:30:52.403953+00:00,97.37365301324678,20,97.5,-0.5000000000000004,"{""momentum"": 0.9212095903974029, ""mean_revert"": 1.0, ""vol_breakout"": 1.0}",36.385142947917814,36.385142947917814,76.24496791525075,76.24496791525075,0.0
2026-02-17T13:30:57.490345+00:00,97.43565750778328,20,97.5,-0.5000000000000004,"{""momentum"": 0.9230697252334983, ""mean_revert"": 1.0, ""vol_breakout"": 1.0}",40.944346770369336,40.944346770369336,76.974531025323,76.974531025323,0.0
2026-02-17T13:31:02.595779+00:00,97.40624362606141,20,97.5,-0.5000000000000004,"{""momentum"": 0.9221873087818429, ""mean_revert"": 1.0, ""vol_breakout"": 1.0}",44.80024766694352,44.80024766694352,78.8258731181132,78.8258731181132,0.0
2026-02-17T13:31:07.697082+00:00,97.2404045788991,20,97.5,-0.5000000000000004,"{""momentum"": 0.9172121373669734, ""mean_revert"": 1.0, ""vol_breakout"": 1.0}",46.35040069086562,46.35040069086562,73.94681962366757,73.94681962366757,0.0
2026-02-17T13:31:12.764678+00:00,97.32041180190708,20,97.5,-0.5000000000000004,"{""momentum"": 0.9196123540572125, ""mean_revert"": 1.0, ""vol_breakout"": 1.0}",16.523889600240224,16.523889600240224,83.06069067644228,83.06069067644228,0.0
2026-02-17T13:31:17.829502+00:00,97.45651851227495,20,97.5,-0.5000000000000004,"{""momentum"": 0.9236955553682483, ""mean_revert"": 1.0, ""vol_breakout"": 1.0}",35.2378202000145,35.2378202000145,80.69038289003353,80.69038289003353,0.0
2026-02-17T13:31:22.892508+00:00,97.45365775345596,20,97.5,-0.5000000000000004,"{""momentum"": 0.9236097326036786, ""mean_revert"": 1.0, ""vol_breakout"": 1.0}",25.006169792271944,25.006169792271944,74.3877834613209,74.3877834613209,0.0
2026-02-17T13:31:27.962304+00:00,97.50629366299226,20,97.5,-0.5000000000000004,"{""momentum"": 0.9251888098897677, ""mean_revert"": 1.0, ""vol_breakout"": 1.0}",49.51174096067528,49.51174096067528,82.89401359804287,82.89401359804287,0.0
2026-02-17T13:31:33.011487+00:00,97.52465132927539,20,97.5,-0.5000000000000004,"{""momentum"": 0.9257395398782613, ""mean_revert"": 1.0, ""vol_breakout"": 1.0}",29.866641563153475,29.866641563153475,84.40245884655042,84.40245884655042,0.0
2026-02-17T13:31:38.076827+00:00,97.69304435164626,20,97.5,-0.5000000000000004,"{""momentum"": 0.930791330549388, ""mean_revert"": 1.0, ""vol_breakout"": 1.0}",44.59150639023596,44.59150639023596,81.51732132960093,81.51732132960093,0.0
2026-02-17T13:31:43.124727+00:00,97.48801648536191,20,97.5,-0.5000000000000004,"{""momentum"": 0.9246404945608571, ""mean_revert"": 1.0, ""vol_breakout"": 1.0}",19.74404755947511,19.74404755947511,72.37610589453244,72.37610589453244,0.0
2026-02-17T13:31:48.200224+00:00,97.44521674500116,20,97.5,-0.5000000000000004,"{""momentum"": 0.9233565023500349, ""mean_revert"": 1.0, ""vol_breakout"": 1.0}",41.086933047583976,41.086933047583976,79.1410906320689,79.1410906320689,0.0
2026-02-17T13:31:53.259865+00:00,97.32608341595764,20,97.5,-0.5000000000000004,"{""momentum"": 0.9197825024787291, ""mean_revert"": 1.0, ""vol_breakout"": 1.0}",36.929235409208275,36.929235409208275,72.27761520899853,72.27761520899853,0.0
2026-02-17T13:31:58.306847+00:00,97.39267389396439,20,97.5,-0.5000000000000004,"{""momentum"": 0.9217802168189315, ""mean_revert"": 1.0, ""vol_breakout"": 1.0}",29.019410990763753,29.019410990763753,81.11359518530169,81.11359518530169,0.0
2026-02-17T13:32:03.374945+00:00,97.27476517097551,20,97.5,-0.5000000000000004,"{""momentum"": 0.9182429551292653, ""mean_revert"": 1.0, ""vol_breakout"": 1.0}",45.436419733562566,45.436419733562566,74.4494657406209,74.4494657406209,0.0
2026-02-17T13:32:08.422537+00:00,97.42205283940125,20,97.5,-0.5000000000000004,"{""momentum"": 0.9226615851820377, ""mean_revert"": 1.0, ""vol_breakout"": 1.0}",12.782285177475732,12.782285177475732,79.82966299252176,79.82966299252176,0.0
2026-02-17T13:32:13.463154+00:00,97.36614636656886,20,97.5,-0.5000000000000004,"{""momentum"": 0.9209843909970654, ""mean_revert"": 1.0, ""vol_breakout"": 1.0}",12.98733182431496,12.98733182431496,77.90894650641162,77.90894650641162,0.0
2026-02-17T13:32:18.525324+00:00,97.44867883037577,20,97.5,-0.5000000000000004,"{""momentum"": 0.9234603649112729, ""mean_revert"": 1.0, ""vol_breakout"": 1.0}",35.69340360039462,35.69340360039462,82.46670861579643,82.46670861579643,0.0
2026-02-17T13:32:23.581906+00:00,97.61993619186046,20,97.5,-0.5000000000000004,"{""momentum"": 0.928598085755814, ""mean_revert"": 1.0, ""vol_breakout"": 1.0}",44.05376133019032,44.05376133019032,82.544764511375,82.544764511375,0.0
2026-02-17T13:32:28.627814+00:00,97.50181986617572,20,97.5,-0.5000000000000004,"{""momentum"": 0.9250545959852715, ""mean_revert"": 1.0, ""vol_breakout"": 1.0}",11.064978755794005,11.064978755794005,77.540015402989,77.540015402989,0.0
2026-02-17T13:32:33.661329+00:00,97.52033697486866,20,97.5,-0.5000000000000004,"{""momentum"": 0.9256101092460594, ""mean_revert"": 1.0, ""vol_breakout"": 1.0}",12.550803898899986,12.550803898899986,77.18934045859,77.18934045859,0.0
2026-02-17T13:32:38.700028+00:00,97.43568248884552,20,97.5,-0.5000000000000004,"{""momentum"": 0.9230704746653652, ""mean_revert"": 1.0, ""vol_breakout"": 1.0}",19.126550785195462,19.126550785195462,72.65715223814293,72.65715223814293,0.0
2026-02-17T13:32:43.734017+00:00,97.36336588024913,20,97.5,-0.5000000000000004,"{""momentum"": 0.9209009764074739, ""mean_revert"": 1.0, ""vol_breakout"": 1.0}",10.47668559394534,10.47668559394534,75.13772607969811,75.13772607969811,0.0
2026-02-17T13:32:48.786122+00:00,97.4269534191529,20,97.5,-0.5000000000000004,"{""momentum"": 0.9228086025745869, ""mean_revert"": 1.0, ""vol_breakout"": 1.0}",35.4650469949446,35.4650469949446,77.18978410775938,77.18978410775938,0.0
2026-02-17T13:32:53.856723+00:00,97.34467173736583,20,97.5,-0.5000000000000004,"{""momentum"": 0.9203401521209751, ""mean_revert"": 1.0, ""vol_breakout"": 1.0}",40.22913476188956,40.22913476188956,78.86432490530214,78.86432490530214,0.0
2026-02-17T13:32:58.908918+00:00,97.40591899196605,20,97.5,-0.5000000000000004,"{""momentum"": 0.9221775697589815, ""mean_revert"": 1.0, ""vol_breakout"": 1.0}",15.27278423372843,15.27278423372843,83.8139928746444,83.8139928746444,0.0
2026-02-17T13:33:03.954178+00:00,97.37932146677029,20,97.5,-0.5000000000000004,"{""momentum"": 0.9213796440031088, ""mean_revert"": 1.0, ""vol_breakout"": 1.0}",22.227609874086845,22.227609874086845,73.03130967633744,73.03130967633744,0.0
2026-02-17T13:33:08.992785+00:00,97.36917695247355,20,97.5,-0.5000000000000004,"{""momentum"": 0.9210753085742063, ""mean_revert"": 1.0, ""vol_breakout"": 1.0}",12.855857010175873,12.855857010175873,82.37664336890876,82.37664336890876,0.0
2026-02-17T13:33:14.025315+00:00,97.35829367789732,20,97.5,-0.5000000000000004,"{""momentum"": 0.9207488103369197, ""mean_revert"": 1.0, ""vol_breakout"": 1.0}",13.005009834206241,13.005009834206241,83.84741184316307,83.84741184316307,0.0
2026-02-17T13:33:19.079874+00:00,97.30949842310281,20,97.5,-0.5000000000000004,"{""momentum"": 0.9192849526930843, ""mean_revert"": 1.0, ""vol_breakout"": 1.0}",37.07098352386424,37.07098352386424,79.02876333508088,79.02876333508088,0.0
2026-02-17T13:33:24.130364+00:00,97.3811942361649,20,97.5,-0.5000000000000004,"{""momentum"": 0.9214358270849472, ""mean_revert"": 1.0, ""vol_breakout"": 1.0}",34.22607498605921,34.22607498605921,76.03259236069921,76.03259236069921,0.0
2026-02-17T13:33:29.182299+00:00,97.29862893923237,20,97.5,-0.5000000000000004,"{""momentum"": 0.9189588681769714, ""mean_revert"": 1.0, ""vol_breakout"": 1.0}",33.37154745457529,33.37154745457529,74.93026048850994,74.93026048850994,0.0
2026-02-17T13:33:34.256254+00:00,97.34247383627994,20,97.5,-0.5000000000000004,"{""momentum"": 0.9202742150883984, ""mean_revert"": 1.0, ""vol_breakout"": 1.0}",19.065294812956992,19.065294812956992,74.51370495842438,74.51370495842438,0.0
2026-02-17T13:33:39.295719+00:00,97.24155908147932,20,97.5,-0.5000000000000004,"{""momentum"": 0.9172467724443798, ""mean_revert"": 1.0, ""vol_breakout"": 1.0}",15.980645604356658,15.980645604356658,75.96694269047052,75.96694269047052,0.0
2026-02-17T13:33:44.359718+00:00,97.3371867188503,20,97.5,-0.5000000000000004,"{""momentum"": 0.9201156015655091, ""mean_revert"": 1.0, ""vol_breakout"": 1.0}",42.780909720078945,42.780909720078945,79.32647524654057,79.32647524654057,0.0
2026-02-17T13:33:49.407401+00:00,97.27226157067508,20,97.5,-0.5000000000000004,"{""momentum"": 0.9181678471202528, ""mean_revert"": 1.0, ""vol_breakout"": 1.0}",35.435345017549096,35.435345017549096,76.51848043558581,76.51848043558581,0.0
2026-02-17T13:33:54.463598+00:00,97.26164038969316,20,97.5,-0.5000000000000004,"{""momentum"": 0.9178492116907941, ""mean_revert"": 1.0, ""vol_breakout"": 1.0}",35.46436351242633,35.46436351242633,77.36726627633213,77.36726627633213,0.0
2026-02-17T13:33:59.498490+00:00,97.19500932688156,20,97.5,-0.5000000000000004,"{""momentum"": 0.9158502798064465, ""mean_revert"": 1.0, ""vol_breakout"": 1.0}",19.853442906939943,19.853442906939943,79.06852441240517,79.06852441240517,0.0
2026-02-17T13:34:04.592005+00:00,97.2329081534311,20,97.5,-0.5000000000000004,"{""momentum"": 0.9169872446029329, ""mean_revert"": 1.0, ""vol_breakout"": 1.0}",40.03975980859069,40.03975980859069,84.47760466540214,84.47760466540214,0.0
2026-02-17T13:34:09.657271+00:00,97.37331627141181,20,97.5,-0.5000000000000004,"{""momentum"": 0.9211994881423544, ""mean_revert"": 1.0, ""vol_breakout"": 1.0}",37.73125383931281,37.73125383931281,84.70082942000546,84.70082942000546,0.0
2026-02-17T13:34:14.718932+00:00,97.38441501548265,20,97.5,-0.5000000000000004,"{""momentum"": 0.9215324504644794, ""mean_revert"": 1.0, ""vol_breakout"": 1.0}",44.69218125905825,44.69218125905825,77.75537640620254,77.75537640620254,0.0
2026-02-17T13:34:19.787824+00:00,97.47966767186658,20,97.5,-0.5000000000000004,"{""momentum"": 0.9243900301559972, ""mean_revert"": 1.0, ""vol_breakout"": 1.0}",49.013099576081366,49.013099576081366,77.51503771372298,77.51503771372298,0.0
2026-02-17T13:34:24.854950+00:00,97.51303938683785,20,97.5,-0.5000000000000004,"{""momentum"": 0.9253911816051353, ""mean_revert"": 1.0, ""vol_breakout"": 1.0}",38.90424077934933,38.90424077934933,76.83968354323294,76.83968354323294,0.0
2026-02-17T13:34:29.892457+00:00,97.41883597551451,20,97.5,-0.5000000000000004,"{""momentum"": 0.9225650792654356, ""mean_revert"": 1.0, ""vol_breakout"": 1.0}",15.957266580317926,15.957266580317926,72.38541013026996,72.38541013026996,0.0
2026-02-17T13:34:34.947170+00:00,97.47412754935098,20,97.5,-0.5000000000000004,"{""momentum"": 0.9242238264805296, ""mean_revert"": 1.0, ""vol_breakout"": 1.0}",34.4689048098724,34.4689048098724,81.68419517096189,81.68419517096189,0.0
2026-02-17T13:34:40.025914+00:00,97.31251986853088,20,97.5,-0.5000000000000004,"{""momentum"": 0.9193755960559263, ""mean_revert"": 1.0, ""vol_breakout"": 1.0}",39.76686998606592,39.76686998606592,75.57200115281898,75.57200115281898,0.0
2026-02-17T13:34:45.058453+00:00,97.47474116869166,20,97.5,-0.5000000000000004,"{""momentum"": 0.9242422350607503, ""mean_revert"": 1.0, ""vol_breakout"": 1.0}",11.996653577395321,11.996653577395321,81.30459598453818,81.30459598453818,0.0
2026-02-17T13:34:50.129433+00:00,97.44515659809527,20,97.5,-0.5000000000000004,"{""momentum"": 0.9233546979428577, ""mean_revert"": 1.0, ""vol_breakout"": 1.0}",28.374120897741836,28.374120897741836,80.86783026849153,80.86783026849153,0.0
2026-02-17T13:34:55.180954+00:00,97.2687209328328,20,97.5,-0.5000000000000004,"{""momentum"": 0.9180616279849844, ""mean_revert"": 1.0, ""vol_breakout"": 1.0}",36.61622535877484,36.61622535877484,74.84919291477824,74.84919291477824,0.0
2026-02-17T13:35:00.244646+00:00,97.38389736826878,20,97.5,-0.5000000000000004,"{""momentum"": 0.9215169210480635, ""mean_revert"": 1.0, ""vol_breakout"": 1.0}",45.006730514356285,45.006730514356285,84.9027615423155,84.9027615423155,0.0
2026-02-17T13:35:05.290269+00:00,97.47455113394774,20,97.5,-0.5000000000000004,"{""momentum"": 0.9242365340184321, ""mean_revert"": 1.0, ""vol_breakout"": 1.0}",30.951736535301187,30.951736535301187,80.65593441032574,80.65593441032574,0.0
2026-02-17T13:35:10.348202+00:00,97.42587931094579,20,97.5,-0.5000000000000004,"{""momentum"": 0.9227763793283733, ""mean_revert"": 1.0, ""vol_breakout"": 1.0}",32.34547756986238,32.34547756986238,72.44799751541007,72.44799751541007,0.0
2026-02-17T13:35:15.411340+00:00,97.62307994934888,20,97.5,-0.5000000000000004,"{""momentum"": 0.928692398480466, ""mean_revert"": 1.0, ""vol_breakout"": 1.0}",43.572696943517755,43.572696943517755,84.57093751698208,84.57093751698208,0.0
2026-02-17T13:35:20.468251+00:00,97.70277612760002,20,97.5,-0.5000000000000004,"{""momentum"": 0.9310832838280007, ""mean_revert"": 1.0, ""vol_breakout"": 1.0}",41.20320268858941,41.20320268858941,80.03144778127916,80.03144778127916,0.0
2026-02-17T13:35:25.504290+00:00,97.69327039610617,20,97.5,-0.5000000000000004,"{""momentum"": 0.9307981118831851, ""mean_revert"": 1.0, ""vol_breakout"": 1.0}",13.170570436640059,13.170570436640059,78.841682940354,78.841682940354,0.0
2026-02-17T13:35:30.544409+00:00,97.75888318092501,20,97.5,-0.5000000000000004,"{""momentum"": 0.9327664954277504, ""mean_revert"": 1.0, ""vol_breakout"": 1.0}",25.149374944968947,25.149374944968947,79.86473246134695,79.86473246134695,0.0
2026-02-17T13:35:35.599167+00:00,97.67166712029945,20,97.5,-0.5000000000000004,"{""momentum"": 0.9301500136089833, ""mean_revert"": 1.0, ""vol_breakout"": 1.0}",38.55982404895845,38.55982404895845,72.91924718442809,72.91924718442809,0.0
2026-02-17T13:35:40.663498+00:00,97.65573339272,20,97.5,-0.5000000000000004,"{""momentum"": 0.9296720017816, ""mean_revert"": 1.0, ""vol_breakout"": 1.0}",48.13033363713875,48.13033363713875,78.25590430585338,78.25590430585338,0.0
2026-02-17T13:35:45.710120+00:00,97.52255429764756,20,97.5,-0.5000000000000004,"{""momentum"": 0.9256766289294264, ""mean_revert"": 1.0, ""vol_breakout"": 1.0}",33.56791069845379,33.56791069845379,77.68547081670722,77.68547081670722,0.0
2026-02-17T13:35:50.795498+00:00,97.43874822586982,20,97.5,-0.5000000000000004,"{""momentum"": 0.9231624467760945, ""mean_revert"": 1.0, ""vol_breakout"": 1.0}",28.744248650895354,28.744248650895354,80.4267197593412,80.4267197593412,0.0
2026-02-17T13:35:55.850239+00:00,97.42672166038423,20,97.5,-0.5000000000000004,"{""momentum"": 0.9228016498115272, ""mean_revert"": 1.0, ""vol_breakout"": 1.0}",41.08367103565021,41.08367103565021,77.14202156643809,77.14202156643809,0.0
2026-02-17T13:36:00.905887+00:00,97.50204235661634,20,97.5,-0.5000000000000004,"{""momentum"": 0.9250612706984903, ""mean_revert"": 1.0, ""vol_breakout"": 1.0}",29.48302938030908,29.48302938030908,81.35639322156025,81.35639322156025,0.0
2026-02-17T13:36:05.963268+00:00,97.61119257660472,20,97.5,-0.5000000000000004,"{""momentum"": 0.9283357772981418, ""mean_revert"": 1.0, ""vol_breakout"": 1.0}",39.373974309535356,39.373974309535356,82.40634476264049,82.40634476264049,0.0
2026-02-17T13:36:11.006638+00:00,97.84693778913137,20,97.5,-0.5000000000000004,"{""momentum"": 0.935408133673941, ""mean_revert"": 1.0, ""vol_breakout"": 1.0}",30.55884975962315,30.55884975962315,84.40841596912875,84.40841596912875,0.0
2026-02-17T13:36:16.088984+00:00,97.78144296764265,20,97.5,-0.5000000000000004,"{""momentum"": 0.9334432890292794, ""mean_revert"": 1.0, ""vol_breakout"": 1.0}",47.44756583835149,47.44756583835149,78.34395927503716,78.34395927503716,0.0
2026-02-17T13:36:21.166367+00:00,97.89457105410199,20,97.5,-0.5000000000000004,"{""momentum"": 0.9368371316230597, ""mean_revert"": 1.0, ""vol_breakout"": 1.0}",19.788889302257587,19.788889302257587,81.3415335622453,81.3415335622453,0.0
2026-02-17T13:36:26.214488+00:00,97.82038018033651,20,97.5,-0.5000000000000004,"{""momentum"": 0.9346114054100951, ""mean_revert"": 1.0, ""vol_breakout"": 1.0}",26.037982168506453,26.037982168506453,77.52086142249848,77.52086142249848,0.0
2026-02-17T13:36:31.266304+00:00,97.74518463230133,20,97.5,-0.5000000000000004,"{""momentum"": 0.9323555389690398, ""mean_revert"": 1.0, ""vol_breakout"": 1.0}",29.720923505803803,29.720923505803803,77.03285731869751,77.03285731869751,0.0
2026-02-17T13:36:36.322328+00:00,97.8637583149413,20,97.5,-0.5000000000000004,"{""momentum"": 0.935912749448239, ""mean_revert"": 1.0, ""vol_breakout"": 1.0}",39.36573925171662,39.36573925171662,80.8964507294169,80.8964507294169,0.0
2026-02-17T13:36:41.361409+00:00,97.82632618057644,20,97.5,-0.5000000000000004,"{""momentum"": 0.934789785417293, ""mean_revert"": 1.0, ""vol_breakout"": 1.0}",15.969433733775604,15.969433733775604,82.99372268970721,82.99372268970721,0.0
2026-02-17T13:36:46.413079+00:00,97.77207971859086,20,97.5,-0.5000000000000004,"{""momentum"": 0.9331623915577261, ""mean_revert"": 1.0, ""vol_breakout"": 1.0}",37.66550897383286,37.66550897383286,77.88936484906192,77.88936484906192,0.0
2026-02-17T13:36:51.466697+00:00,97.87759295003461,20,97.5,-0.5000000000000004,"{""momentum"": 0.9363277885010385, ""mean_revert"": 1.0, ""vol_breakout"": 1.0}",38.65183720640401,38.65183720640401,77.8291723190412,77.8291723190412,0.0
2026-02-17T13:36:56.526353+00:00,97.7684929314099,20,97.5,-0.5000000000000004,"{""momentum"": 0.9330547879422969, ""mean_revert"": 1.0, ""vol_breakout"": 1.0}",45.57338610554504,45.57338610554504,79.00683656712161,79.00683656712161,0.0
2026-02-17T13:37:01.575221+00:00,97.66764663195687,20,97.5,-0.5000000000000004,"{""momentum"": 0.9300293989587063, ""mean_revert"": 1.0, ""vol_breakout"": 1.0}",18.649076732848332,18.649076732848332,74.88828650917483,74.88828650917483,0.0
2026-02-17T13:37:06.613095+00:00,97.59319697227966,20,97.5,-0.5000000000000004,"{""momentum"": 0.9277959091683894, ""mean_revert"": 1.0, ""vol_breakout"": 1.0}",22.850155324660495,22.850155324660495,75.04475029681535,75.04475029681535,0.0
2026-02-17T13:37:11.663597+00:00,97.51319437701987,20,97.5,-0.5000000000000004,"{""momentum"": 0.9253958313105963, ""mean_revert"": 1.0, ""vol_breakout"": 1.0}",31.86787721840863,31.86787721840863,75.78460010309865,75.78460010309865,0.0
2026-02-17T13:37:16.704970+00:00,97.62277313961715,20,97.5,-0.5000000000000004,"{""momentum"": 0.9286831941885143, ""mean_revert"": 1.0, ""vol_breakout"": 1.0}",29.14269126508416,29.14269126508416,78.50776407688875,78.50776407688875,0.0
2026-02-17T13:37:21.768363+00:00,97.67287062911012,20,97.5,-0.5000000000000004,"{""momentum"": 0.9301861188733034, ""mean_revert"": 1.0, ""vol_breakout"": 1.0}",42.69211164144982,42.69211164144982,80.8108762699948,80.8108762699948,0.0
2026-02-17T13:37:26.840044+00:00,97.81210533599389,20,97.5,-0.5000000000000004,"{""momentum"": 0.9343631600798167, ""mean_revert"": 1.0, ""vol_breakout"": 1.0}",39.851394475852906,39.851394475852906,84.78644086777992,84.78644086777992,0.0
2026-02-17T13:37:31.903742+00:00,97.75581104286908,20,97.5,-0.5000000000000004,"{""momentum"": 0.9326743312860722, ""mean_revert"": 1.0, ""vol_breakout"": 1.0}",46.47813962835499,46.47813962835499,77.55571080997574,77.55571080997574,0.0
2026-02-17T13:37:36.955921+00:00,97.67377939516459,20,97.5,-0.5000000000000004,"{""momentum"": 0.9302133818549374, ""mean_revert"": 1.0, ""vol_breakout"": 1.0}",30.790425307736182,30.790425307736182,72.9584075335088,72.9584075335088,0.0
2026-02-17T13:37:42.109600+00:00,97.64530559418894,20,97.5,-0.5000000000000004,"{""momentum"": 0.9293591678256687, ""mean_revert"": 1.0, ""vol_breakout"": 1.0}",48.07212150718952,48.07212150718952,79.90422937180341,79.90422937180341,0.0
2026-02-17T13:37:47.176510+00:00,97.69061376900301,20,97.5,-0.5000000000000004,"{""momentum"": 0.9307184130700904, ""mean_revert"": 1.0, ""vol_breakout"": 1.0}",42.41855053907961,42.41855053907961,84.71706167815746,84.71706167815746,0.0
2026-02-17T13:37:52.231330+00:00,97.4957488632952,20,97.5,-0.5000000000000004,"{""momentum"": 0.9248724658988561, ""mean_revert"": 1.0, ""vol_breakout"": 1.0}",28.570133117397543,28.570133117397543,74.47030577803017,74.47030577803017,0.0
2026-02-17T13:37:57.286445+00:00,97.46622146695265,20,97.5,-0.5000000000000004,"{""momentum"": 0.9239866440085791, ""mean_revert"": 1.0, ""vol_breakout"": 1.0}",35.51397115776734,35.51397115776734,76.83806206156635,76.83806206156635,0.0
2026-02-17T13:38:02.335178+00:00,97.45649302877663,20,97.5,-0.5000000000000004,"{""momentum"": 0.9236947908632992, ""mean_revert"": 1.0, ""vol_breakout"": 1.0}",29.326220064762033,29.326220064762033,80.84538321526952,80.84538321526952,0.0
2026-02-17T13:38:07.389710+00:00,97.46483074160294,20,97.5,-0.5000000000000004,"{""momentum"": 0.9239449222480882, ""mean_revert"": 1.0, ""vol_breakout"": 1.0}",38.65078246914466,38.65078246914466,77.94608477663984,77.94608477663984,0.0
2026-02-17T13:38:12.437516+00:00,97.4253907837896,20,97.5,-0.5000000000000004,"{""momentum"": 0.9227617235136876, ""mean_revert"": 1.0, ""vol_breakout"": 1.0}",35.04630240553778,35.04630240553778,75.0214194702163,75.0214194702163,0.0
2026-02-17T13:38:17.492114+00:00,97.48258773204306,20,97.5,-0.5000000000000004,"{""momentum"": 0.9244776319612917, ""mean_revert"": 1.0, ""vol_breakout"": 1.0}",30.507723524310126,30.507723524310126,83.81349509034413,83.81349509034413,0.0
2026-02-17T13:38:22.523344+00:00,97.44881457337743,20,97.5,-0.5000000000000004,"{""momentum"": 0.9234644372013229, ""mean_revert"": 1.0, ""vol_breakout"": 1.0}",15.137359001554668,15.137359001554668,81.27129159776018,81.27129159776018,0.0
2026-02-17T13:38:27.569886+00:00,97.52865818201929,20,97.5,-0.5000000000000004,"{""momentum"": 0.9258597454605786, ""mean_revert"": 1.0, ""vol_breakout"": 1.0}",24.196293942104518,24.196293942104518,81.9613888897967,81.9613888897967,0.0
2026-02-17T13:38:32.665418+00:00,97.52924099121729,20,97.5,-0.5000000000000004,"{""momentum"": 0.9258772297365188, ""mean_revert"": 1.0, ""vol_breakout"": 1.0}",28.913496850859104,28.913496850859104,77.85889558813945,77.85889558813945,0.0
2026-02-17T13:38:37.730724+00:00,97.54243268543331,20,97.5,-0.5000000000000004,"{""momentum"": 0.9262729805629994, ""mean_revert"": 1.0, ""vol_breakout"": 1.0}",17.567106762886155,17.567106762886155,79.67961297213873,79.67961297213873,0.0
2026-02-17T13:38:42.928825+00:00,97.71376850374499,20,97.5,-0.5000000000000004,"{""momentum"": 0.93141305511235, ""mean_revert"": 1.0, ""vol_breakout"": 1.0}",29.646501623812334,29.646501623812334,83.62641324307059,83.62641324307059,0.0
2026-02-17T13:38:48.056912+00:00,97.85522753048724,20,97.5,-0.5000000000000004,"{""momentum"": 0.9356568259146174, ""mean_revert"": 1.0, ""vol_breakout"": 1.0}",34.009377266880676,34.009377266880676,82.25916066067015,82.25916066067015,0.0
2026-02-17T13:38:53.154451+00:00,97.97181409490577,20,97.5,-0.5000000000000004,"{""momentum"": 0.9391544228471735, ""mean_revert"": 1.0, ""vol_breakout"": 1.0}",10.526991235676476,10.526991235676476,81.73051488844396,81.73051488844396,0.0
2026-02-17T13:38:58.349778+00:00,98.03819922033186,20,97.5,-0.5000000000000004,"{""momentum"": 0.9411459766099559, ""mean_revert"": 1.0, ""vol_breakout"": 1.0}",16.862278326920258,16.862278326920258,81.8934054736191,81.8934054736191,0.0
2026-02-17T13:39:03.551182+00:00,97.97548663931211,20,97.5,-0.5000000000000004,"{""momentum"": 0.9392645991793636, ""mean_revert"": 1.0, ""vol_breakout"": 1.0}",16.9232384634078,16.9232384634078,77.61253463798776,77.61253463798776,0.0
2026-02-17T13:39:08.631719+00:00,97.96288904320079,20,97.5,-0.5000000000000004,"{""momentum"": 0.9388866712960237, ""mean_revert"": 1.0, ""vol_breakout"": 1.0}",15.63022496944126,15.63022496944126,84.14396346610181,84.14396346610181,0.0
2026-02-17T13:39:13.836879+00:00,97.95050001278106,20,97.5,-0.5000000000000004,"{""momentum"": 0.9385150003834317, ""mean_revert"": 1.0, ""vol_breakout"": 1.0}",47.7085806279181,47.7085806279181,76.92387025856964,76.92387025856964,0.0
2026-02-17T13:39:18.915006+00:00,97.96126802277321,20,97.5,-0.5000000000000004,"{""momentum"": 0.9388380406831963, ""mean_revert"": 1.0, ""vol_breakout"": 1.0}",12.654646995485685,12.654646995485685,73.50757604310859,73.50757604310859,0.0
2026-02-17T13:39:24.012205+00:00,97.8957595654,20,97.5,-0.5000000000000004,"{""momentum"": 0.9368727869619999, ""mean_revert"": 1.0, ""vol_breakout"": 1.0}",42.78326879987218,42.78326879987218,76.56329804576944,76.56329804576944,0.0
2026-02-17T13:39:29.146952+00:00,97.86583440890139,20,97.5,-0.5000000000000004,"{""momentum"": 0.9359750322670415, ""mean_revert"": 1.0, ""vol_breakout"": 1.0}",20.809194732960137,20.809194732960137,83.19087869672812,83.19087869672812,0.0
2026-02-17T13:39:34.245231+00:00,98.05827579416537,20,97.5,-0.5000000000000004,"{""momentum"": 0.9417482738249605, ""mean_revert"": 1.0, ""vol_breakout"": 1.0}",26.442867210481594,26.442867210481594,84.2848164264926,84.2848164264926,0.0
2026-02-17T13:39:39.318203+00:00,98.04143843919807,20,97.5,-0.5000000000000004,"{""momentum"": 0.9412431531759425, ""mean_revert"": 1.0, ""vol_breakout"": 1.0}",24.441625144081172,24.441625144081172,75.97935695823574,75.97935695823574,0.0
2026-02-17T13:39:44.411746+00:00,98.03033953814372,20,97.5,-0.5000000000000004,"{""momentum"": 0.9409101861443115, ""mean_revert"": 1.0, ""vol_breakout"": 1.0}",45.75902643599014,45.75902643599014,80.27933926149679,80.27933926149679,0.0
2026-02-17T13:39:49.512984+00:00,98.12344389198809,20,97.5,-0.5000000000000004,"{""momentum"": 0.943703316759643, ""mean_revert"": 1.0, ""vol_breakout"": 1.0}",42.15715752500647,42.15715752500647,82.69440682270339,82.69440682270339,0.0
2026-02-17T13:39:54.630120+00:00,98.28378054427272,20,97.5,-0.5000000000000004,"{""momentum"": 0.9485134163281813, ""mean_revert"": 1.0, ""vol_breakout"": 1.0}",14.072839281242908,14.072839281242908,83.1985887367315,83.1985887367315,0.0
2026-02-17T13:39:59.745685+00:00,98.06170990527701,20,97.5,-0.5000000000000004,"{""momentum"": 0.9418512971583105, ""mean_revert"": 1.0, ""vol_breakout"": 1.0}",30.526226951257392,30.526226951257392,72.48789250156358,72.48789250156358,0.0
2026-02-17T13:40:04.824714+00:00,97.9788481846736,20,97.5,-0.5000000000000004,"{""momentum"": 0.9393654455402078, ""mean_revert"": 1.0, ""vol_breakout"": 1.0}",15.324430093624656,15.324430093624656,77.04534384698563,77.04534384698563,0.0
2026-02-17T13:40:09.941181+00:00,97.83148225267405,20,97.5,-0.5000000000000004,"{""momentum"": 0.9349444675802216, ""mean_revert"": 1.0, ""vol_breakout"": 1.0}",43.029048094029996,43.029048094029996,74.44572635782012,74.44572635782012,0.0
2026-02-17T13:40:15.033864+00:00,97.90434918859833,20,97.5,-0.5000000000000004,"{""momentum"": 0.9371304756579502, ""mean_revert"": 1.0, ""vol_breakout"": 1.0}",33.25996590104012,33.25996590104012,81.57510932027814,81.57510932027814,0.0
2026-02-17T13:40:20.102924+00:00,97.83214850730157,20,97.5,-0.5000000000000004,"{""momentum"": 0.9349644552190469, ""mean_revert"": 1.0, ""vol_breakout"": 1.0}",12.927202949037264,12.927202949037264,75.99737822600294,75.99737822600294,0.0
2026-02-17T13:40:25.181215+00:00,97.67680352941498,20,97.5,-0.5000000000000004,"{""momentum"": 0.9303041058824494, ""mean_revert"": 1.0, ""vol_breakout"": 1.0}",10.182203692111397,10.182203692111397,75.70381937085484,75.70381937085484,0.0
2026-02-17T13:40:30.347515+00:00,97.52279677085637,20,97.5,-0.5000000000000004,"{""momentum"": 0.9256839031256907, ""mean_revert"": 1.0, ""vol_breakout"": 1.0}",41.269403175781214,41.269403175781214,74.40481597418066,74.40481597418066,0.0
2026-02-17T13:40:35.443446+00:00,97.35259430607258,20,97.5,-0.5000000000000004,"{""momentum"": 0.9205778291821771, ""mean_revert"": 1.0, ""vol_breakout"": 1.0}",23.779619946494478,23.779619946494478,73.05018918447065,73.05018918447065,0.0
2026-02-17T13:40:40.535116+00:00,97.22518781177337,20,97.5,-0.5000000000000004,"{""momentum"": 0.9167556343532013, ""mean_revert"": 1.0, ""vol_breakout"": 1.0}",30.042991049374752,30.042991049374752,75.39567426436015,75.39567426436015,0.0
2026-02-17T13:40:45.601184+00:00,97.1642764998389,20,97.5,-0.5000000000000004,"{""momentum"": 0.9149282949951673, ""mean_revert"": 1.0, ""vol_breakout"": 1.0}",12.030176879510064,12.030176879510064,74.50605772933005,74.50605772933005,0.0
2026-02-17T13:40:50.781998+00:00,96.97863862067621,20,97.5,-0.5000000000000004,"{""momentum"": 0.9093591586202863, ""mean_revert"": 1.0, ""vol_breakout"": 1.0}",10.936690511007177,10.936690511007177,74.67643162880398,74.67643162880398,0.0
2026-02-17T13:40:55.848236+00:00,96.91514456779825,20,97.5,-0.5000000000000004,"{""momentum"": 0.9074543370339478, ""mean_revert"": 1.0, ""vol_breakout"": 1.0}",14.383257693621353,14.383257693621353,73.68567356179435,73.68567356179435,0.0
2026-02-17T13:41:00.930929+00:00,96.9395866115412,20,97.5,-0.5000000000000004,"{""momentum"": 0.9081875983462357, ""mean_revert"": 1.0, ""vol_breakout"": 1.0}",39.98496867879233,39.98496867879233,74.75412027399801,74.75412027399801,0.0
2026-02-17T13:41:06.167052+00:00,96.88404267437363,20,97.5,-0.5000000000000004,"{""momentum"": 0.9065212802312093, ""mean_revert"": 1.0, ""vol_breakout"": 1.0}",12.312890244491403,12.312890244491403,73.73055725022462,73.73055725022462,0.0
2026-02-17T13:41:11.313957+00:00,96.86847369564933,20,97.5,-0.5000000000000004,"{""momentum"": 0.9060542108694797, ""mean_revert"": 1.0, ""vol_breakout"": 1.0}",15.86989629832495,15.86989629832495,82.39686078178778,82.39686078178778,0.0
2026-02-17T13:41:16.466991+00:00,96.79188003257472,20,97.5,-0.5000000000000004,"{""momentum"": 0.9037564009772417, ""mean_revert"": 1.0, ""vol_breakout"": 1.0}",43.80981199014276,43.80981199014276,80.378539609688,80.378539609688,0.0
2026-02-17T13:41:21.613678+00:00,96.74773899229687,20,97.5,-0.5000000000000004,"{""momentum"": 0.9024321697689061, ""mean_revert"": 1.0, ""vol_breakout"": 1.0}",10.280212160265286,10.280212160265286,73.72816390406517,73.72816390406517,0.0
2026-02-17T13:41:26.697737+00:00,96.70108746987405,20,97.5,-0.5000000000000004,"{""momentum"": 0.9010326240962216, ""mean_revert"": 1.0, ""vol_breakout"": 1.0}",15.922601470651454,15.922601470651454,77.90011161793336,77.90011161793336,0.0
2026-02-17T13:41:31.854923+00:00,96.63806233158199,20,97.5,-0.5000000000000004,"{""momentum"": 0.8991418699474598, ""mean_revert"": 1.0, ""vol_breakout"": 1.0}",39.44294055815538,39.44294055815538,79.48012476980828,79.48012476980828,0.0
2026-02-17T13:41:36.938067+00:00,96.5173075173931,20,97.5,-0.5000000000000004,"{""momentum"": 0.8955192255217934, ""mean_revert"": 1.0, ""vol_breakout"": 1.0}",30.58139381566555,30.58139381566555,77.0400932130986,77.0400932130986,0.0
2026-02-17T13:41:42.136325+00:00,96.55801263853081,20,97.5,-0.5000000000000004,"{""momentum"": 0.8967403791559242, ""mean_revert"": 1.0, ""vol_breakout"": 1.0}",42.20077932843472,42.20077932843472,74.56385367958565,74.56385367958565,0.0
2026-02-17T13:41:47.232775+00:00,96.63516061846845,20,97.5,-0.5000000000000004,"{""momentum"": 0.8990548185540534, ""mean_revert"": 1.0, ""vol_breakout"": 1.0}",22.74973229051868,22.74973229051868,80.97989082380536,80.97989082380536,0.0
2026-02-17T13:41:52.309297+00:00,96.6567700744718,20,97.5,-0.5000000000000004,"{""momentum"": 0.8997031022341533, ""mean_revert"": 1.0, ""vol_breakout"": 1.0}",14.486615539096977,14.486615539096977,75.54780861399004,75.54780861399004,0.0
2026-02-17T13:41:57.649224+00:00,96.50015920096536,20,97.5,-0.5000000000000004,"{""momentum"": 0.8950047760289609, ""mean_revert"": 1.0, ""vol_breakout"": 1.0}",31.14209875265884,31.14209875265884,73.58795477145105,73.58795477145105,0.0
2026-02-17T13:42:02.762610+00:00,96.61216920201792,20,97.5,-0.5000000000000004,"{""momentum"": 0.8983650760605381, ""mean_revert"": 1.0, ""vol_breakout"": 1.0}",40.023326208698144,40.023326208698144,81.70988827968405,81.70988827968405,0.0
2026-02-17T13:42:07.964365+00:00,96.6192720872853,20,97.5,-0.5000000000000004,"{""momentum"": 0.8985781626185592, ""mean_revert"": 1.0, ""vol_breakout"": 1.0}",47.06422752443525,47.06422752443525,76.06606651949073,76.06606651949073,0.0
2026-02-17T13:42:13.348894+00:00,96.69972375626485,20,97.5,-0.5000000000000004,"{""momentum"": 0.9009917126879456, ""mean_revert"": 1.0, ""vol_breakout"": 1.0}",42.030623436306996,42.030623436306996,78.50785109213751,78.50785109213751,0.0
2026-02-17T13:42:18.510887+00:00,96.68889963211168,20,97.5,-0.5000000000000004,"{""momentum"": 0.9006669889633505, ""mean_revert"": 1.0, ""vol_breakout"": 1.0}",26.932036761498356,26.932036761498356,72.49815885265902,72.49815885265902,0.0
2026-02-17T13:42:23.640875+00:00,96.65977066810794,20,97.5,-0.5000000000000004,"{""momentum"": 0.8997931200432381, ""mean_revert"": 1.0, ""vol_breakout"": 1.0}",40.08130890189394,40.08130890189394,73.9100971001691,73.9100971001691,0.0
2026-02-17T13:42:28.761583+00:00,96.77175725547268,20,97.5,-0.5000000000000004,"{""momentum"": 0.9031527176641804, ""mean_revert"": 1.0, ""vol_breakout"": 1.0}",14.132757179610763,14.132757179610763,80.21737368493194,80.21737368493194,0.0
2026-02-17T13:42:33.851172+00:00,96.74425096058384,20,97.5,-0.5000000000000004,"{""momentum"": 0.9023275288175154, ""mean_revert"": 1.0, ""vol_breakout"": 1.0}",19.17427589712603,19.17427589712603,73.27361058947358,73.27361058947358,0.0
2026-02-17T13:42:38.978428+00:00,96.86886677269956,20,97.5,-0.5000000000000004,"{""momentum"": 0.9060660031809871, ""mean_revert"": 1.0, ""vol_breakout"": 1.0}",45.43270719843759,45.43270719843759,80.0410799796963,80.0410799796963,0.0
2026-02-17T13:42:44.221150+00:00,96.8349114895205,20,97.5,-0.5000000000000004,"{""momentum"": 0.9050473446856149, ""mean_revert"": 1.0, ""vol_breakout"": 1.0}",42.8224964014398,42.8224964014398,73.02240083186508,73.02240083186508,0.0
2026-02-17T13:42:49.310554+00:00,96.91433045243947,20,97.5,-0.5000000000000004,"{""momentum"": 0.9074299135731841, ""mean_revert"": 1.0, ""vol_breakout"": 1.0}",18.097436909617663,18.097436909617663,77.78092435909251,77.78092435909251,0.0
2026-02-17T13:42:54.741305+00:00,96.77428680321192,20,97.5,-0.5000000000000004,"{""momentum"": 0.903228604096358, ""mean_revert"": 1.0, ""vol_breakout"": 1.0}",24.31130350541523,24.31130350541523,75.25463467118317,75.25463467118317,0.0
2026-02-17T13:42:59.856674+00:00,96.75576748941356,20,97.5,-0.5000000000000004,"{""momentum"": 0.9026730246824064, ""mean_revert"": 1.0, ""vol_breakout"": 1.0}",17.929333785531686,17.929333785531686,79.4340546059705,79.4340546059705,0.0
2026-02-17T13:43:06.874003+00:00,96.75055568285032,20,97.5,-0.5000000000000004,"{""momentum"": 0.9025166704855095, ""mean_revert"": 1.0, ""vol_breakout"": 1.0}",25.219478121193752,25.219478121193752,73.46236176934036,73.46236176934036,0.0
2026-02-17T13:43:13.131055+00:00,96.70459203905212,20,97.5,-0.5000000000000004,"{""momentum"": 0.9011377611715632, ""mean_revert"": 1.0, ""vol_breakout"": 1.0}",26.853928953942376,26.853928953942376,75.55596578422468,75.55596578422468,0.0
2026-02-17T13:43:19.558934+00:00,96.77751509288494,20,97.5,-0.5000000000000004,"{""momentum"": 0.9033254527865481, ""mean_revert"": 1.0, ""vol_breakout"": 1.0}",20.871411937844158,20.871411937844158,83.1992005152825,83.1992005152825,0.0
2026-02-17T13:43:24.853976+00:00,96.84916260774138,20,97.5,-0.5000000000000004,"{""momentum"": 0.9054748782322413, ""mean_revert"": 1.0, ""vol_breakout"": 1.0}",43.558911767717895,43.558911767717895,80.69411647077706,80.69411647077706,0.0
2026-02-17T13:43:30.142059+00:00,96.90762269610875,20,97.5,-0.5000000000000004,"{""momentum"": 0.907228680883262, ""mean_revert"": 1.0, ""vol_breakout"": 1.0}",22.074586997387694,22.074586997387694,77.54531818632103,77.54531818632103,0.0
2026-02-17T13:43:35.595539+00:00,96.81320753898156,20,97.5,-0.5000000000000004,"{""momentum"": 0.9043962261694466, ""mean_revert"": 1.0, ""vol_breakout"": 1.0}",40.769585950394074,40.769585950394074,76.16471781031909,76.16471781031909,0.0
2026-02-17T13:43:40.976561+00:00,96.93678836288292,20,97.5,-0.5000000000000004,"{""momentum"": 0.9081036508864877, ""mean_revert"": 1.0, ""vol_breakout"": 1.0}",22.57107753211706,22.57107753211706,81.85043063295984,81.85043063295984,0.0
2026-02-17T13:43:46.441345+00:00,97.00492792894238,20,97.5,-0.5000000000000004,"{""momentum"": 0.9101478378682716, ""mean_revert"": 1.0, ""vol_breakout"": 1.0}",10.318907523516554,10.318907523516554,77.0630726404835,77.0630726404835,0.0
2026-02-17T13:43:51.972244+00:00,96.97573405324118,20,97.5,-0.5000000000000004,"{""momentum"": 0.9092720215972353, ""mean_revert"": 1.0, ""vol_breakout"": 1.0}",34.96240189028276,34.96240189028276,80.22100061892262,80.22100061892262,0.0
2026-02-17T13:43:57.112371+00:00,96.92730230955763,20,97.5,-0.5000000000000004,"{""momentum"": 0.907819069286729, ""mean_revert"": 1.0, ""vol_breakout"": 1.0}",46.9285304930687,46.9285304930687,73.59604759162987,73.59604759162987,0.0
2026-02-17T13:44:02.359294+00:00,97.01397170010677,20,97.5,-0.5000000000000004,"{""momentum"": 0.9104191510032027, ""mean_revert"": 1.0, ""vol_breakout"": 1.0}",23.297288924610285,23.297288924610285,82.92799001014295,82.92799001014295,0.0
2026-02-17T13:44:07.782547+00:00,97.01909346380776,20,97.5,-0.5000000000000004,"{""momentum"": 0.9105728039142328, ""mean_revert"": 1.0, ""vol_breakout"": 1.0}",25.474562274337075,25.474562274337075,72.75936880140989,72.75936880140989,0.0
2026-02-17T13:44:13.792492+00:00,97.20340671765906,20,97.5,-0.5000000000000004,"{""momentum"": 0.916102201529772, ""mean_revert"": 1.0, ""vol_breakout"": 1.0}",43.731558557536445,43.731558557536445,83.31007304658586,83.31007304658586,0.0
2026-02-17T13:44:19.547442+00:00,97.23353815900884,20,97.5,-0.5000000000000004,"{""momentum"": 0.9170061447702654, ""mean_revert"": 1.0, ""vol_breakout"": 1.0}",28.530309245367782,28.530309245367782,81.75407719377081,81.75407719377081,0.0
2026-02-17T13:44:25.327342+00:00,97.30192919836571,20,97.5,-0.5000000000000004,"{""momentum"": 0.9190578759509714, ""mean_revert"": 1.0, ""vol_breakout"": 1.0}",12.905258588422527,12.905258588422527,76.76155359667362,76.76155359667362,0.0
2026-02-17T13:44:30.572224+00:00,97.18654061716337,20,97.5,-0.5000000000000004,"{""momentum"": 0.9155962185149011, ""mean_revert"": 1.0, ""vol_breakout"": 1.0}",39.83807807231533,39.83807807231533,74.15626233837698,74.15626233837698,0.0
2026-02-17T13:44:35.871147+00:00,97.34909457019731,20,97.5,-0.5000000000000004,"{""momentum"": 0.9204728371059188, ""mean_revert"": 1.0, ""vol_breakout"": 1.0}",23.960790448556615,23.960790448556615,81.31265243659526,81.31265243659526,0.0
2026-02-17T13:44:41.382543+00:00,97.46185866089968,20,97.5,-0.5000000000000004,"{""momentum"": 0.9238557598269905, ""mean_revert"": 1.0, ""vol_breakout"": 1.0}",32.259925739353825,32.259925739353825,83.53189298491412,83.53189298491412,0.0
2026-02-17T13:44:46.739477+00:00,97.50150537971099,20,97.5,-0.5000000000000004,"{""momentum"": 0.9250451613913301, ""mean_revert"": 1.0, ""vol_breakout"": 1.0}",13.670324908678317,13.670324908678317,77.27661733056054,77.27661733056054,0.0
2026-02-17T13:44:51.935312+00:00,97.42911064213956,20,97.5,-0.5000000000000004,"{""momentum"": 0.9228733192641867, ""mean_revert"": 1.0, ""vol_breakout"": 1.0}",42.90822743177967,42.90822743177967,75.74192298982683,75.74192298982683,0.0
2026-02-17T13:44:57.799236+00:00,97.43724233288673,20,97.5,-0.5000000000000004,"{""momentum"": 0.923117269986602, ""mean_revert"": 1.0, ""vol_breakout"": 1.0}",13.297089699859699,13.297089699859699,73.87707799744636,73.87707799744636,0.0
2026-02-17T13:45:02.957216+00:00,97.45765423969182,20,97.5,-0.5000000000000004,"{""momentum"": 0.9237296271907546, ""mean_revert"": 1.0, ""vol_breakout"": 1.0}",36.37832850127016,36.37832850127016,76.59697303128395,76.59697303128395,0.0
2026-02-17T13:45:08.453773+00:00,97.3912708471839,20,97.5,-0.5000000000000004,"{""momentum"": 0.9217381254155168, ""mean_revert"": 1.0, ""vol_breakout"": 1.0}",21.968687479857778,21.968687479857778,79.81364749737831,79.81364749737831,0.0
2026-02-17T13:45:13.761643+00:00,97.34030464499278,20,97.5,-0.5000000000000004,"{""momentum"": 0.9202091393497834, ""mean_revert"": 1.0, ""vol_breakout"": 1.0}",44.223503528183535,44.223503528183535,78.09484015903048,78.09484015903048,0.0
2026-02-17T13:45:19.821881+00:00,97.31989345086444,20,97.5,-0.5000000000000004,"{""momentum"": 0.9195968035259334, ""mean_revert"": 1.0, ""vol_breakout"": 1.0}",16.133183469494426,16.133183469494426,76.50434728577589,76.50434728577589,0.0
2026-02-17T13:45:25.050698+00:00,97.37686384226137,20,97.5,-0.5000000000000004,"{""momentum"": 0.9213059152678413, ""mean_revert"": 1.0, ""vol_breakout"": 1.0}",24.264824066404426,24.264824066404426,79.07020777156245,79.07020777156245,0.0
2026-02-17T13:45:30.680281+00:00,97.27605725471798,20,97.5,-0.5000000000000004,"{""momentum"": 0.9182817176415394, ""mean_revert"": 1.0, ""vol_breakout"": 1.0}",18.782889974237097,18.782889974237097,76.70929466824676,76.70929466824676,0.0
2026-02-17T13:45:36.328938+00:00,97.36827933941647,20,97.5,-0.5000000000000004,"{""momentum"": 0.9210483801824942, ""mean_revert"": 1.0, ""vol_breakout"": 1.0}",49.09286043663461,49.09286043663461,81.76639896010676,81.76639896010676,0.0
2026-02-17T13:45:41.567520+00:00,97.28358249484373,20,97.5,-0.5000000000000004,"{""momentum"": 0.918507474845312, ""mean_revert"": 1.0, ""vol_breakout"": 1.0}",44.94624144731229,44.94624144731229,75.90146154571275,75.90146154571275,0.0
2026-02-17T13:45:47.305161+00:00,97.39072247084528,20,97.5,-0.5000000000000004,"{""momentum"": 0.9217216741253583, ""mean_revert"": 1.0, ""vol_breakout"": 1.0}",47.780171919688506,47.780171919688506,79.06018636770871,79.06018636770871,0.0
2026-02-17T13:45:52.583973+00:00,97.37200718797568,20,97.5,-0.5000000000000004,"{""momentum"": 0.9211602156392706, ""mean_revert"": 1.0, ""vol_breakout"": 1.0}",31.447703765672912,31.447703765672912,81.97351058379354,81.97351058379354,0.0
2026-02-17T13:45:58.250034+00:00,97.57714127168661,20,97.5,-0.5000000000000004,"{""momentum"": 0.9273142381505984, ""mean_revert"": 1.0, ""vol_breakout"": 1.0}",23.862781456974496,23.862781456974496,83.22120707066746,83.22120707066746,0.0
2026-02-17T13:46:03.754682+00:00,97.53948362566989,20,97.5,-0.5000000000000004,"{""momentum"": 0.9261845087700964, ""mean_revert"": 1.0, ""vol_breakout"": 1.0}",26.33951464833363,26.33951464833363,81.3895330997324,81.3895330997324,0.0
2026-02-17T13:46:09.295218+00:00,97.51265466941565,20,97.5,-0.5000000000000004,"{""momentum"": 0.9253796400824698, ""mean_revert"": 1.0, ""vol_breakout"": 1.0}",42.93149590299506,42.93149590299506,80.38580042480532,80.38580042480532,0.0
2026-02-17T13:46:14.592120+00:00,97.44230135149175,20,97.5,-0.5000000000000004,"{""momentum"": 0.923269040544753, ""mean_revert"": 1.0, ""vol_breakout"": 1.0}",34.03344751940818,34.03344751940818,73.17353438255515,73.17353438255515,0.0
2026-02-17T13:46:20.146769+00:00,97.47298056480508,20,97.5,-0.5000000000000004,"{""momentum"": 0.9241894169441522, ""mean_revert"": 1.0, ""vol_breakout"": 1.0}",24.260576821364985,24.260576821364985,75.72090221735571,75.72090221735571,0.0
2026-02-17T13:46:27.242684+00:00,97.34921072375471,20,97.5,-0.5000000000000004,"{""momentum"": 0.9204763217126415, ""mean_revert"": 1.0, ""vol_breakout"": 1.0}",38.26511761422501,38.26511761422501,75.00039054302692,75.00039054302692,0.0
2026-02-17T13:46:33.002661+00:00,97.37007524791103,20,97.5,-0.5000000000000004,"{""momentum"": 0.9211022574373311, ""mean_revert"": 1.0, ""vol_breakout"": 1.0}",27.64442444029268,27.64442444029268,84.59598371688654,84.59598371688654,0.0
2026-02-17T13:46:39.226538+00:00,97.30150431329491,20,97.5,-0.5000000000000004,"{""momentum"": 0.9190451293988475, ""mean_revert"": 1.0, ""vol_breakout"": 1.0}",41.22453776423479,41.22453776423479,73.77949966513853,73.77949966513853,0.0
2026-02-17T13:46:44.609841+00:00,97.2962106045847,20,97.5,-0.5000000000000004,"{""momentum"": 0.9188863181375408, ""mean_revert"": 1.0, ""vol_breakout"": 1.0}",17.690316349725244,17.690316349725244,75.47194384560557,75.47194384560557,0.0
2026-02-17T13:46:50.176484+00:00,97.40295262534111,20,97.5,-0.5000000000000004,"{""momentum"": 0.9220885787602334, ""mean_revert"": 1.0, ""vol_breakout"": 1.0}",24.408123180249305,24.408123180249305,79.32092105602374,79.32092105602374,0.0
2026-02-17T13:46:55.350227+00:00,97.5135582583195,20,97.5,-0.5000000000000004,"{""momentum"": 0.925406747749585, ""mean_revert"": 1.0, ""vol_breakout"": 1.0}",44.5525278139882,44.5525278139882,82.23786031318143,82.23786031318143,0.0
2026-02-17T13:47:01.024137+00:00,97.57255298067268,20,97.5,-0.5000000000000004,"{""momentum"": 0.9271765894201801, ""mean_revert"": 1.0, ""vol_breakout"": 1.0}",29.296918750836024,29.296918750836024,82.82237833739015,82.82237833739015,0.0
2026-02-17T13:47:06.356287+00:00,97.69662855842864,20,97.5,-0.5000000000000004,"{""momentum"": 0.9308988567528594, ""mean_revert"": 1.0, ""vol_breakout"": 1.0}",39.176094347818704,39.176094347818704,84.42269462458509,84.42269462458509,0.0
2026-02-17T13:47:12.859095+00:00,97.63976655058975,20,97.5,-0.5000000000000004,"{""momentum"": 0.9291929965176926, ""mean_revert"": 1.0, ""vol_breakout"": 1.0}",17.17256516654472,17.17256516654472,73.60438488599249,73.60438488599249,0.0
2026-02-17T13:47:20.881851+00:00,97.66014158724528,20,97.5,-0.5000000000000004,"{""momentum"": 0.9298042476173579, ""mean_revert"": 1.0, ""vol_breakout"": 1.0}",32.0774336623156,32.0774336623156,80.10933464099352,80.10933464099352,0.0
2026-02-17T13:47:26.302538+00:00,97.80779970736006,20,97.5,-0.5000000000000004,"{""momentum"": 0.9342339912208013, ""mean_revert"": 1.0, ""vol_breakout"": 1.0}",31.927559171610977,31.927559171610977,84.23985879410047,84.23985879410047,0.0
2026-02-17T13:47:32.183467+00:00,97.77389004965507,20,97.5,-0.5000000000000004,"{""momentum"": 0.933216701489652, ""mean_revert"": 1.0, ""vol_breakout"": 1.0}",42.77668460550858,42.77668460550858,80.03700641715295,80.03700641715295,0.0
2026-02-17T16:55:00.516004+00:00,97.77388183303664,20,97.5,-0.5000000000000004,"{""momentum"": 0.9332164549910995, ""mean_revert"": 1.0, ""vol_breakout"": 1.0}",42.66696430247622,42.66696430247622,75.9010424981737,75.9010424981737,0.0
2026-02-17T16:55:08.456186+00:00,97.69725952428216,20,97.5,-0.5000000000000004,"{""momentum"": 0.9309177857284648, ""mean_revert"": 1.0, ""vol_breakout"": 1.0}",30.356177275109815,30.356177275109815,75.15244862122952,75.15244862122952,0.0
2026-02-17T16:55:13.623546+00:00,97.73401896159332,20,97.5,-0.5000000000000004,"{""momentum"": 0.9320205688477998, ""mean_revert"": 1.0, ""vol_breakout"": 1.0}",17.03935975595666,17.03935975595666,83.84824188666302,83.84824188666302,0.0
2026-02-17T16:55:19.410389+00:00,97.60481272387261,20,97.5,-0.5000000000000004,"{""momentum"": 0.9281443817161781, ""mean_revert"": 1.0, ""vol_breakout"": 1.0}",49.356692574241315,49.356692574241315,76.63168894691064,76.63168894691064,0.0
2026-02-17T16:55:24.544491+00:00,97.53021164673451,20,97.5,-0.5000000000000004,"{""momentum"": 0.9259063494020353, ""mean_revert"": 1.0, ""vol_breakout"": 1.0}",14.569339595603289,14.569339595603289,77.58487816568957,77.58487816568957,0.0
2026-02-17T16:55:29.711061+00:00,97.40007948263536,20,97.5,-0.5000000000000004,"{""momentum"": 0.9220023844790607, ""mean_revert"": 1.0, ""vol_breakout"": 1.0}",30.339274747368346,30.339274747368346,73.74906005574836,73.74906005574836,0.0
2026-02-17T16:55:35.670761+00:00,97.4552075820888,20,97.5,-0.5000000000000004,"{""momentum"": 0.9236562274626643, ""mean_revert"": 1.0, ""vol_breakout"": 1.0}",36.58868873060134,36.58868873060134,75.98506745468117,75.98506745468117,0.0
2026-02-17T16:55:40.862419+00:00,97.41675697942037,20,97.5,-0.5000000000000004,"{""momentum"": 0.922502709382611, ""mean_revert"": 1.0, ""vol_breakout"": 1.0}",38.07510157965649,38.07510157965649,73.75992148126541,73.75992148126541,0.0
2026-02-17T16:55:46.240947+00:00,97.51053382893694,20,97.5,-0.5000000000000004,"{""momentum"": 0.9253160148681081, ""mean_revert"": 1.0, ""vol_breakout"": 1.0}",37.44281395212619,37.44281395212619,79.783009868372,79.783009868372,0.0
2026-02-17T16:55:51.378055+00:00,97.33735667830976,20,97.5,-0.5000000000000004,"{""momentum"": 0.9201207003492928, ""mean_revert"": 1.0, ""vol_breakout"": 1.0}",37.66609576873349,37.66609576873349,75.76394903490072,75.76394903490072,0.0
2026-02-17T16:55:56.844807+00:00,97.34279960355636,20,97.5,-0.5000000000000004,"{""momentum"": 0.9202839881066904, ""mean_revert"": 1.0, ""vol_breakout"": 1.0}",35.25790275052112,35.25790275052112,74.05708885271423,74.05708885271423,0.0
2026-02-17T16:56:01.927562+00:00,97.34878508011133,20,97.5,-0.5000000000000004,"{""momentum"": 0.9204635524033395, ""mean_revert"": 1.0, ""vol_breakout"": 1.0}",10.582659048097494,10.582659048097494,75.77720314990913,75.77720314990913,0.0
2026-02-17T16:56:07.078669+00:00,97.2921586226437,20,97.5,-0.5000000000000004,"{""momentum"": 0.9187647586793111, ""mean_revert"": 1.0, ""vol_breakout"": 1.0}",43.05159461392008,43.05159461392008,76.43297172517502,76.43297172517502,0.0
2026-02-17T16:56:12.268887+00:00,97.18073564442892,20,97.5,-0.5000000000000004,"{""momentum"": 0.9154220693328676, ""mean_revert"": 1.0, ""vol_breakout"": 1.0}",37.908812491738324,37.908812491738324,76.55528842422787,76.55528842422787,0.0
2026-02-17T16:56:17.496924+00:00,97.15224604843704,20,97.5,-0.5000000000000004,"{""momentum"": 0.914567381453111, ""mean_revert"": 1.0, ""vol_breakout"": 1.0}",20.891506191647323,20.891506191647323,81.36940894180374,81.36940894180374,0.0
2026-02-17T16:56:22.540304+00:00,96.99570251869389,20,97.5,-0.5000000000000004,"{""momentum"": 0.9098710755608165, ""mean_revert"": 1.0, ""vol_breakout"": 1.0}",18.550570929324333,18.550570929324333,76.43897460768446,76.43897460768446,0.0
2026-02-17T16:56:27.661064+00:00,97.15328452945418,20,97.5,-0.5000000000000004,"{""momentum"": 0.9145985358836256, ""mean_revert"": 1.0, ""vol_breakout"": 1.0}",48.39072820466653,48.39072820466653,81.64106743476819,81.64106743476819,0.0
2026-02-17T16:56:32.707534+00:00,97.08657112145326,20,97.5,-0.5000000000000004,"{""momentum"": 0.9125971336435977, ""mean_revert"": 1.0, ""vol_breakout"": 1.0}",26.129333234368453,26.129333234368453,76.70695083294603,76.70695083294603,0.0
2026-02-17T16:56:37.753389+00:00,97.0428910745251,20,97.5,-0.5000000000000004,"{""momentum"": 0.9112867322357531, ""mean_revert"": 1.0, ""vol_breakout"": 1.0}",18.740206073140847,18.740206073140847,82.01217640076443,82.01217640076443,0.0
2026-02-17T16:56:42.814496+00:00,97.12465099334277,20,97.5,-0.5000000000000004,"{""momentum"": 0.913739529800283, ""mean_revert"": 1.0, ""vol_breakout"": 1.0}",31.017129885113206,31.017129885113206,84.20676227685375,84.20676227685375,0.0
2026-02-17T16:56:47.854339+00:00,97.09397096989477,20,97.5,-0.5000000000000004,"{""momentum"": 0.912819129096843, ""mean_revert"": 1.0, ""vol_breakout"": 1.0}",20.872272808754104,20.872272808754104,74.33636130232595,74.33636130232595,0.0
2026-02-17T16:56:53.115665+00:00,97.18887865481194,20,97.5,-0.5000000000000004,"{""momentum"": 0.9156663596443586, ""mean_revert"": 1.0, ""vol_breakout"": 1.0}",27.654341774985202,27.654341774985202,79.992740552006,79.992740552006,0.0
2026-02-17T16:56:58.293410+00:00,97.04022620934126,20,97.5,-0.5000000000000004,"{""momentum"": 0.9112067862802375, ""mean_revert"": 1.0, ""vol_breakout"": 1.0}",44.88915098565445,44.88915098565445,76.2669671676571,76.2669671676571,0.0
2026-02-17T16:57:03.373696+00:00,97.19691354072762,20,97.5,-0.5000000000000004,"{""momentum"": 0.915907406221829, ""mean_revert"": 1.0, ""vol_breakout"": 1.0}",31.392828948177364,31.392828948177364,84.622742847616,84.622742847616,0.0
2026-02-17T16:57:08.428903+00:00,97.25707879278713,20,97.5,-0.5000000000000004,"{""momentum"": 0.9177123637836135, ""mean_revert"": 1.0, ""vol_breakout"": 1.0}",10.101938769387102,10.101938769387102,80.65330602072365,80.65330602072365,0.0
2026-02-17T16:57:13.496937+00:00,97.22817054494986,20,97.5,-0.5000000000000004,"{""momentum"": 0.916845116348496, ""mean_revert"": 1.0, ""vol_breakout"": 1.0}",13.591949318667101,13.591949318667101,72.27473941604828,72.27473941604828,0.0
2026-02-17T16:57:18.565749+00:00,97.36505631017823,20,97.5,-0.5000000000000004,"{""momentum"": 0.9209516893053467, ""mean_revert"": 1.0, ""vol_breakout"": 1.0}",30.136840705582344,30.136840705582344,82.96624148132734,82.96624148132734,0.0
2026-02-17T16:57:23.655968+00:00,97.42342103384195,20,97.5,-0.5000000000000004,"{""momentum"": 0.9227026310152583, ""mean_revert"": 1.0, ""vol_breakout"": 1.0}",36.28461339496298,36.28461339496298,76.73652238811532,76.73652238811532,0.0
2026-02-17T16:57:28.716602+00:00,97.36191234666374,20,97.5,-0.5000000000000004,"{""momentum"": 0.9208573703999121, ""mean_revert"": 1.0, ""vol_breakout"": 1.0}",28.61677819543166,28.61677819543166,76.64606682228333,76.64606682228333,0.0
2026-02-17T16:57:33.777090+00:00,97.48961835222303,20,97.5,-0.5000000000000004,"{""momentum"": 0.9246885505666913, ""mean_revert"": 1.0, ""vol_breakout"": 1.0}",29.769052525360248,29.769052525360248,82.2769553184256,82.2769553184256,0.0
2026-02-17T16:57:38.821507+00:00,97.56703983746658,20,97.5,-0.5000000000000004,"{""momentum"": 0.9270111951239975, ""mean_revert"": 1.0, ""vol_breakout"": 1.0}",21.853489833138006,21.853489833138006,78.0055846001348,78.0055846001348,0.0
2026-02-17T16:57:43.910287+00:00,97.50252744133884,20,97.5,-0.5000000000000004,"{""momentum"": 0.9250758232401651, ""mean_revert"": 1.0, ""vol_breakout"": 1.0}",23.658031726365355,23.658031726365355,72.48707094739379,72.48707094739379,0.0
2026-02-17T16:57:48.983425+00:00,97.51030593422408,20,97.5,-0.5000000000000004,"{""momentum"": 0.9253091780267229, ""mean_revert"": 1.0, ""vol_breakout"": 1.0}",26.259354383246936,26.259354383246936,76.8296748623231,76.8296748623231,0.0
2026-02-17T16:57:54.061240+00:00,97.43369076249657,20,97.5,-0.5000000000000004,"{""momentum"": 0.9230107228748968, ""mean_revert"": 1.0, ""vol_breakout"": 1.0}",28.20865359745241,28.20865359745241,72.6479146661238,72.6479146661238,0.0
2026-02-17T16:57:59.190235+00:00,97.38663741711959,20,97.5,-0.5000000000000004,"{""momentum"": 0.9215991225135879, ""mean_revert"": 1.0, ""vol_breakout"": 1.0}",49.514180280656056,49.514180280656056,78.9696883275783,78.9696883275783,0.0
2026-02-17T16:58:04.574500+00:00,97.38984039975469,20,97.5,-0.5000000000000004,"{""momentum"": 0.9216952119926406, ""mean_revert"": 1.0, ""vol_breakout"": 1.0}",10.081166573442184,10.081166573442184,76.6023267220743,76.6023267220743,0.0
2026-02-17T16:58:09.706185+00:00,97.44772803505366,20,97.5,-0.5000000000000004,"{""momentum"": 0.9234318410516098, ""mean_revert"": 1.0, ""vol_breakout"": 1.0}",43.882242904489345,43.882242904489345,84.59333683501582,84.59333683501582,0.0
2026-02-17T16:58:14.782963+00:00,97.48350364181702,20,97.5,-0.5000000000000004,"{""momentum"": 0.9245051092545108, ""mean_revert"": 1.0, ""vol_breakout"": 1.0}",44.85086016463206,44.85086016463206,78.53150677787764,78.53150677787764,0.0
2026-02-17T16:58:19.889605+00:00,97.50586739761303,20,97.5,-0.5000000000000004,"{""momentum"": 0.9251760219283909, ""mean_revert"": 1.0, ""vol_breakout"": 1.0}",20.470836567087648,20.470836567087648,83.15272794636071,83.15272794636071,0.0
2026-02-17T16:58:24.949220+00:00,97.30220370443205,20,97.5,-0.5000000000000004,"{""momentum"": 0.9190661111329614, ""mean_revert"": 1.0, ""vol_breakout"": 1.0}",24.69712792962774,24.69712792962774,73.81991392462346,73.81991392462346,0.0
2026-02-17T16:58:29.992140+00:00,97.49895209258949,20,97.5,-0.5000000000000004,"{""momentum"": 0.9249685627776849, ""mean_revert"": 1.0, ""vol_breakout"": 1.0}",17.99721424768229,17.99721424768229,84.37052909835579,84.37052909835579,0.0
2026-02-17T16:58:35.042210+00:00,97.40203594300468,20,97.5,-0.5000000000000004,"{""momentum"": 0.9220610782901406, ""mean_revert"": 1.0, ""vol_breakout"": 1.0}",24.33627287502107,24.33627287502107,75.05001692318099,75.05001692318099,0.0
2026-02-17T16:58:40.077828+00:00,97.49822492417948,20,97.5,-0.5000000000000004,"{""momentum"": 0.9249467477253843, ""mean_revert"": 1.0, ""vol_breakout"": 1.0}",11.603257552568312,11.603257552568312,81.17260520757134,81.17260520757134,0.0
2026-02-17T16:58:45.151097+00:00,97.48505064945806,20,97.5,-0.5000000000000004,"{""momentum"": 0.9245515194837417, ""mean_revert"": 1.0, ""vol_breakout"": 1.0}",19.912547583822754,19.912547583822754,83.95085483682344,83.95085483682344,0.0
2026-02-17T16:58:50.230705+00:00,97.42845615858438,20,97.5,-0.5000000000000004,"{""momentum"": 0.9228536847575313, ""mean_revert"": 1.0, ""vol_breakout"": 1.0}",42.51993225257283,42.51993225257283,77.76698698616607,77.76698698616607,0.0
2026-02-17T16:58:55.262793+00:00,97.43392361449686,20,97.5,-0.5000000000000004,"{""momentum"": 0.923017708434906, ""mean_revert"": 1.0, ""vol_breakout"": 1.0}",19.215932378479902,19.215932378479902,72.55357966758527,72.55357966758527,0.0
2026-02-17T16:59:00.307969+00:00,97.44240481459218,20,97.5,-0.5000000000000004,"{""momentum"": 0.9232721444377658, ""mean_revert"": 1.0, ""vol_breakout"": 1.0}",32.396532424816115,32.396532424816115,83.39878268618887,83.39878268618887,0.0
2026-02-17T16:59:05.359930+00:00,97.56232121635972,20,97.5,-0.5000000000000004,"{""momentum"": 0.9268696364907916, ""mean_revert"": 1.0, ""vol_breakout"": 1.0}",25.32517378430214,25.32517378430214,82.85225887825911,82.85225887825911,0.0
2026-02-17T16:59:10.407060+00:00,97.69377631246043,20,97.5,-0.5000000000000004,"{""momentum"": 0.9308132893738124, ""mean_revert"": 1.0, ""vol_breakout"": 1.0}",32.37315256111491,32.37315256111491,83.35027672341896,83.35027672341896,0.0
2026-02-17T16:59:15.475815+00:00,97.6650344436116,20,97.5,-0.5000000000000004,"{""momentum"": 0.929951033308348, ""mean_revert"": 1.0, ""vol_breakout"": 1.0}",42.505363049798476,42.505363049798476,80.81112000713604,80.81112000713604,0.0
2026-02-17T16:59:20.536574+00:00,97.72885173149493,20,97.5,-0.5000000000000004,"{""momentum"": 0.9318655519448475, ""mean_revert"": 1.0, ""vol_breakout"": 1.0}",41.48175456643777,41.48175456643777,81.26026628218396,81.26026628218396,0.0
2026-02-17T16:59:25.596782+00:00,97.73294571916443,20,97.5,-0.5000000000000004,"{""momentum"": 0.9319883715749329, ""mean_revert"": 1.0, ""vol_breakout"": 1.0}",48.320302870947984,48.320302870947984,72.69586431853908,72.69586431853908,0.0
2026-02-17T16:59:30.647748+00:00,97.74501102486074,20,97.5,-0.5000000000000004,"{""momentum"": 0.9323503307458223, ""mean_revert"": 1.0, ""vol_breakout"": 1.0}",38.04368371744552,38.04368371744552,77.445005452835,77.445005452835,0.0
2026-02-17T16:59:35.692635+00:00,97.83927465292321,20,97.5,-0.5000000000000004,"{""momentum"": 0.9351782395876962, ""mean_revert"": 1.0, ""vol_breakout"": 1.0}",24.639058046779585,24.639058046779585,77.4553596973092,77.4553596973092,0.0
2026-02-17T16:59:40.765170+00:00,97.79653663796667,20,97.5,-0.5000000000000004,"{""momentum"": 0.9338960991389997, ""mean_revert"": 1.0, ""vol_breakout"": 1.0}",47.67418632840101,47.67418632840101,76.7900495647946,76.7900495647946,0.0
2026-02-17T16:59:45.791790+00:00,97.93588379610418,20,97.5,-0.5000000000000004,"{""momentum"": 0.9380765138831256, ""mean_revert"": 1.0, ""vol_breakout"": 1.0}",10.501746859046541,10.501746859046541,83.70903178708801,83.70903178708801,0.0
2026-02-17T16:59:50.817045+00:00,97.83680729441055,20,97.5,-0.5000000000000004,"{""momentum"": 0.9351042188323161, ""mean_revert"": 1.0, ""vol_breakout"": 1.0}",12.363689708288078,12.363689708288078,79.54043524863987,79.54043524863987,0.0
2026-02-17T16:59:55.861413+00:00,97.9117850387611,20,97.5,-0.5000000000000004,"{""momentum"": 0.9373535511628324, ""mean_revert"": 1.0, ""vol_breakout"": 1.0}",31.3200823250488,31.3200823250488,82.3553717397553,82.3553717397553,0.0
2026-02-17T17:00:00.914581+00:00,97.71028810288196,20,97.5,-0.5000000000000004,"{""momentum"": 0.9313086430864587, ""mean_revert"": 1.0, ""vol_breakout"": 1.0}",15.79543849404493,15.79543849404493,72.87638421652524,72.87638421652524,0.0
2026-02-17T17:00:05.997196+00:00,97.80387321973953,20,97.5,-0.5000000000000004,"{""momentum"": 0.9341161965921854, ""mean_revert"": 1.0, ""vol_breakout"": 1.0}",20.92050805253258,20.92050805253258,78.59275488435915,78.59275488435915,0.0
2026-02-17T17:00:11.081433+00:00,97.73380291590719,20,97.5,-0.5000000000000004,"{""momentum"": 0.9320140874772159, ""mean_revert"": 1.0, ""vol_breakout"": 1.0}",49.34733008998502,49.34733008998502,80.79694360290746,80.79694360290746,0.0
2026-02-17T17:00:16.124927+00:00,97.8278976723901,20,97.5,-0.5000000000000004,"{""momentum"": 0.9348369301717027, ""mean_revert"": 1.0, ""vol_breakout"": 1.0}",21.910677373325484,21.910677373325484,79.84884950380851,79.84884950380851,0.0
2026-02-17T17:00:21.182415+00:00,97.68111253855943,20,97.5,-0.5000000000000004,"{""momentum"": 0.9304333761567829, ""mean_revert"": 1.0, ""vol_breakout"": 1.0}",36.59823963473054,36.59823963473054,73.68656338220792,73.68656338220792,0.0
2026-02-17T17:00:26.250256+00:00,97.58577096528526,20,97.5,-0.5000000000000004,"{""momentum"": 0.927573128958558, ""mean_revert"": 1.0, ""vol_breakout"": 1.0}",19.92133411179235,19.92133411179235,79.08843459984107,79.08843459984107,0.0
2026-02-17T17:00:31.287666+00:00,97.50450458308092,20,97.5,-0.5000000000000004,"{""momentum"": 0.9251351374924273, ""mean_revert"": 1.0, ""vol_breakout"": 1.0}",20.246829467547165,20.246829467547165,73.62240149374372,73.62240149374372,0.0
2026-02-17T17:00:36.339430+00:00,97.56605287019711,20,97.5,-0.5000000000000004,"{""momentum"": 0.9269815861059136, ""mean_revert"": 1.0, ""vol_breakout"": 1.0}",38.132766541555185,38.132766541555185,75.69254231051202,75.69254231051202,0.0
2026-02-17T17:00:41.416081+00:00,97.43556891687113,20,97.5,-0.5000000000000004,"{""momentum"": 0.923067067506134, ""mean_revert"": 1.0, ""vol_breakout"": 1.0}",48.34926556201594,48.34926556201594,76.74410106656353,76.74410106656353,0.0
2026-02-17T17:00:46.456829+00:00,97.2281991166722,20,97.5,-0.5000000000000004,"{""momentum"": 0.916845973500166, ""mean_revert"": 1.0, ""vol_breakout"": 1.0}",24.682905984398538,24.682905984398538,72.27639906811343,72.27639906811343,0.0
2026-02-17T17:00:51.504212+00:00,97.22346600966874,20,97.5,-0.5000000000000004,"{""momentum"": 0.9167039802900622, ""mean_revert"": 1.0, ""vol_breakout"": 1.0}",21.115455473499164,21.115455473499164,83.10888826624237,83.10888826624237,0.0
2026-02-17T17:00:56.573601+00:00,97.21018801479833,20,97.5,-0.5000000000000004,"{""momentum"": 0.91630564044395, ""mean_revert"": 1.0, ""vol_breakout"": 1.0}",47.26459100803331,47.26459100803331,80.13394226874557,80.13394226874557,0.0
2026-02-17T17:01:01.634429+00:00,97.03335110080538,20,97.5,-0.5000000000000004,"{""momentum"": 0.9110005330241613, ""mean_revert"": 1.0, ""vol_breakout"": 1.0}",33.531748100253516,33.531748100253516,72.24158366854316,72.24158366854316,0.0
2026-02-17T17:01:06.706794+00:00,97.09526733799801,20,97.5,-0.5000000000000004,"{""momentum"": 0.9128580201399401, ""mean_revert"": 1.0, ""vol_breakout"": 1.0}",43.84065580571126,43.84065580571126,75.85359241536301,75.85359241536301,0.0
2026-02-17T17:01:11.745971+00:00,96.99390478494253,20,97.5,-0.5000000000000004,"{""momentum"": 0.9098171435482756, ""mean_revert"": 1.0, ""vol_breakout"": 1.0}",17.327601660501504,17.327601660501504,72.2755152470055,72.2755152470055,0.0
2026-02-17T17:01:16.789472+00:00,97.06562946734365,20,97.5,-0.5000000000000004,"{""momentum"": 0.9119688840203098, ""mean_revert"": 1.0, ""vol_breakout"": 1.0}",19.939102752230866,19.939102752230866,81.11331849976717,81.11331849976717,0.0
2026-02-17T17:01:21.812853+00:00,97.11846468948929,20,97.5,-0.5000000000000004,"{""momentum"": 0.9135539406846789, ""mean_revert"": 1.0, ""vol_breakout"": 1.0}",10.573493834827472,10.573493834827472,79.48464589422211,79.48464589422211,0.0
2026-02-17T17:01:26.859493+00:00,97.11018775584888,20,97.5,-0.5000000000000004,"{""momentum"": 0.9133056326754666, ""mean_revert"": 1.0, ""vol_breakout"": 1.0}",21.519692047216793,21.519692047216793,83.28690817142704,83.28690817142704,0.0
2026-02-17T17:01:31.890998+00:00,97.16514410688308,20,97.5,-0.5000000000000004,"{""momentum"": 0.9149543232064923, ""mean_revert"": 1.0, ""vol_breakout"": 1.0}",11.648591452782536,11.648591452782536,82.34320915138358,82.34320915138358,0.0
2026-02-17T17:01:36.922926+00:00,97.17787792228708,20,97.5,-0.5000000000000004,"{""momentum"": 0.9153363376686123, ""mean_revert"": 1.0, ""vol_breakout"": 1.0}",12.140097354144146,12.140097354144146,83.0047963253594,83.0047963253594,0.0
2026-02-17T17:01:42.044052+00:00,97.4021957062525,20,97.5,-0.5000000000000004,"{""momentum"": 0.922065871187575, ""mean_revert"": 1.0, ""vol_breakout"": 1.0}",45.00757432009914,45.00757432009914,84.31659119876184,84.31659119876184,0.0
2026-02-17T17:01:47.199171+00:00,97.44236112465445,20,97.5,-0.5000000000000004,"{""momentum"": 0.9232708337396336, ""mean_revert"": 1.0, ""vol_breakout"": 1.0}",39.13742955779614,39.13742955779614,80.64119122285865,80.64119122285865,0.0
2026-02-17T17:01:52.238765+00:00,97.44124758498712,20,97.5,-0.5000000000000004,"{""momentum"": 0.9232374275496136, ""mean_revert"": 1.0, ""vol_breakout"": 1.0}",22.559515694193838,22.559515694193838,80.7401530798736,80.7401530798736,0.0
2026-02-17T17:01:57.310448+00:00,97.30711910565145,20,97.5,-0.5000000000000004,"{""momentum"": 0.9192135731695437, ""mean_revert"": 1.0, ""vol_breakout"": 1.0}",46.19419019836127,46.19419019836127,73.00829705768957,73.00829705768957,0.0
2026-02-17T17:02:02.368426+00:00,97.36472176652123,20,97.5,-0.5000000000000004,"{""momentum"": 0.9209416529956373, ""mean_revert"": 1.0, ""vol_breakout"": 1.0}",31.58203511796748,31.58203511796748,76.62429908656698,76.62429908656698,0.0
2026-02-17T17:02:07.431874+00:00,97.41572965249324,20,97.5,-0.5000000000000004,"{""momentum"": 0.9224718895747973, ""mean_revert"": 1.0, ""vol_breakout"": 1.0}",36.550451684820835,36.550451684820835,81.68983678441322,81.68983678441322,0.0
2026-02-17T17:02:12.522630+00:00,97.48834945082514,20,97.5,-0.5000000000000004,"{""momentum"": 0.924650483524754, ""mean_revert"": 1.0, ""vol_breakout"": 1.0}",38.41624786075828,38.41624786075828,77.32601120867017,77.32601120867017,0.0
2026-02-17T17:02:17.592597+00:00,97.44135871377667,20,97.5,-0.5000000000000004,"{""momentum"": 0.9232407614132999, ""mean_revert"": 1.0, ""vol_breakout"": 1.0}",23.64530965055126,23.64530965055126,73.29601472104004,73.29601472104004,0.0
2026-02-17T17:02:22.636375+00:00,97.44118806095923,20,97.5,-0.5000000000000004,"{""momentum"": 0.9232356418287766, ""mean_revert"": 1.0, ""vol_breakout"": 1.0}",20.69000057099938,20.69000057099938,76.73539777287395,76.73539777287395,0.0
2026-02-17T17:02:27.712777+00:00,97.4896643225207,20,97.5,-0.5000000000000004,"{""momentum"": 0.9246899296756206, ""mean_revert"": 1.0, ""vol_breakout"": 1.0}",49.69911751157856,49.69911751157856,74.74868840774815,74.74868840774815,0.0
2026-02-17T17:02:32.816668+00:00,97.45790262279819,20,97.5,-0.5000000000000004,"{""momentum"": 0.9237370786839454, ""mean_revert"": 1.0, ""vol_breakout"": 1.0}",45.0314927861867,45.0314927861867,81.48904158039458,81.48904158039458,0.0
2026-02-17T17:02:37.895189+00:00,97.30871900517829,20,97.5,-0.5000000000000004,"{""momentum"": 0.9192615701553486, ""mean_revert"": 1.0, ""vol_breakout"": 1.0}",42.51459098224806,42.51459098224806,72.5255777701307,72.5255777701307,0.0
2026-02-17T17:02:42.937215+00:00,97.41474777191519,20,97.5,-0.5000000000000004,"{""momentum"": 0.9224424331574557, ""mean_revert"": 1.0, ""vol_breakout"": 1.0}",13.412117445208969,13.412117445208969,77.64905077212536,77.64905077212536,0.0
2026-02-17T17:02:47.981457+00:00,97.48524689234836,20,97.5,-0.5000000000000004,"{""momentum"": 0.9245574067704506, ""mean_revert"": 1.0, ""vol_breakout"": 1.0}",18.021086545496907,18.021086545496907,79.4490475574546,79.4490475574546,0.0
2026-02-17T17:02:53.063013+00:00,97.58135892193901,20,97.5,-0.5000000000000004,"{""momentum"": 0.9274407676581703, ""mean_revert"": 1.0, ""vol_breakout"": 1.0}",47.93588302532729,47.93588302532729,77.17722875612876,77.17722875612876,0.0
2026-02-17T17:02:58.130582+00:00,97.64753443460431,20,97.5,-0.5000000000000004,"{""momentum"": 0.9294260330381292, ""mean_revert"": 1.0, ""vol_breakout"": 1.0}",40.154370778122946,40.154370778122946,84.48826964569737,84.48826964569737,0.0
2026-02-17T17:03:03.195063+00:00,97.66459969144667,20,97.5,-0.5000000000000004,"{""momentum"": 0.9299379907433998, ""mean_revert"": 1.0, ""vol_breakout"": 1.0}",41.25095248577102,41.25095248577102,80.35497399318227,80.35497399318227,0.0
2026-02-17T17:03:08.268586+00:00,97.62339299735602,20,97.5,-0.5000000000000004,"{""momentum"": 0.9287017899206805, ""mean_revert"": 1.0, ""vol_breakout"": 1.0}",39.61265225177396,39.61265225177396,81.18536677280412,81.18536677280412,0.0
2026-02-17T17:03:13.325324+00:00,97.60089778565148,20,97.5,-0.5000000000000004,"{""momentum"": 0.9280269335695449, ""mean_revert"": 1.0, ""vol_breakout"": 1.0}",24.97551943247492,24.97551943247492,81.19595335445283,81.19595335445283,0.0
2026-02-17T17:03:18.376797+00:00,97.58499257402491,20,97.5,-0.5000000000000004,"{""momentum"": 0.927549777220747, ""mean_revert"": 1.0, ""vol_breakout"": 1.0}",37.31580857060625,37.31580857060625,82.19363053240335,82.19363053240335,0.0
2026-02-17T17:03:23.467082+00:00,97.38144244463544,20,97.5,-0.5000000000000004,"{""momentum"": 0.9214432733390632, ""mean_revert"": 1.0, ""vol_breakout"": 1.0}",32.33047089450765,32.33047089450765,73.93553459989919,73.93553459989919,0.0
2026-02-17T17:03:28.504373+00:00,97.32594754648886,20,97.5,-0.5000000000000004,"{""momentum"": 0.919778426394666, ""mean_revert"": 1.0, ""vol_breakout"": 1.0}",12.515718584529157,12.515718584529157,77.81095141738346,77.81095141738346,0.0
2026-02-17T17:03:33.544936+00:00,97.22966370084069,20,97.5,-0.5000000000000004,"{""momentum"": 0.9168899110252203, ""mean_revert"": 1.0, ""vol_breakout"": 1.0}",16.045653639283735,16.045653639283735,75.82967695181596,75.82967695181596,0.0
2026-02-17T17:03:38.592783+00:00,97.44308405777477,20,97.5,-0.5000000000000004,"{""momentum"": 0.9232925217332433, ""mean_revert"": 1.0, ""vol_breakout"": 1.0}",22.842126420929553,22.842126420929553,83.8927352613286,83.8927352613286,0.0
2026-02-17T17:03:43.670961+00:00,97.60525782068093,20,97.5,-0.5000000000000004,"{""momentum"": 0.9281577346204279, ""mean_revert"": 1.0, ""vol_breakout"": 1.0}",46.949537862440856,46.949537862440856,84.8951609947808,84.8951609947808,0.0
2026-02-17T17:03:48.734577+00:00,97.56079635637872,20,97.5,-0.5000000000000004,"{""momentum"": 0.9268238906913616, ""mean_revert"": 1.0, ""vol_breakout"": 1.0}",39.356127687904205,39.356127687904205,79.42230210500068,79.42230210500068,0.0
2026-02-17T17:03:53.855721+00:00,97.66507671943165,20,97.5,-0.5000000000000004,"{""momentum"": 0.9299523015829498, ""mean_revert"": 1.0, ""vol_breakout"": 1.0}",37.659152938422125,37.659152938422125,82.64430972436985,82.64430972436985,0.0
2026-02-17T17:03:58.911067+00:00,97.70109716484276,20,97.5,-0.5000000000000004,"{""momentum"": 0.9310329149452828, ""mean_revert"": 1.0, ""vol_breakout"": 1.0}",23.65015435682495,23.65015435682495,75.13305743700636,75.13305743700636,0.0
